-- phpMyAdmin SQL Dump
-- version 3.4.10.1deb1
-- http://www.phpmyadmin.net
--
-- Host: localhost
-- Generation Time: Jul 07, 2014 at 02:28 PM
-- Server version: 5.5.37
-- PHP Version: 5.5.14-1+deb.sury.org~precise+1

SET SQL_MODE="NO_AUTO_VALUE_ON_ZERO";
SET time_zone = "+00:00";


/*!40101 SET @OLD_CHARACTER_SET_CLIENT=@@CHARACTER_SET_CLIENT */;
/*!40101 SET @OLD_CHARACTER_SET_RESULTS=@@CHARACTER_SET_RESULTS */;
/*!40101 SET @OLD_COLLATION_CONNECTION=@@COLLATION_CONNECTION */;
/*!40101 SET NAMES utf8 */;

--
-- Database: `ee_db`
--

-- --------------------------------------------------------

--
-- Table structure for table `exp_accessories`
--

CREATE TABLE IF NOT EXISTS `exp_accessories` (
  `accessory_id` int(10) unsigned NOT NULL AUTO_INCREMENT,
  `class` varchar(75) NOT NULL DEFAULT '',
  `member_groups` varchar(255) NOT NULL DEFAULT 'all',
  `controllers` text,
  `accessory_version` varchar(12) NOT NULL,
  PRIMARY KEY (`accessory_id`)
) ENGINE=MyISAM  DEFAULT CHARSET=utf8 AUTO_INCREMENT=4 ;

--
-- Dumping data for table `exp_accessories`
--

INSERT INTO `exp_accessories` (`accessory_id`, `class`, `member_groups`, `controllers`, `accessory_version`) VALUES
(1, 'Expressionengine_info_acc', '1|5', 'content_files|addons_fieldtypes|design|content_files_modal|tools_communicate|homepage|myaccount|addons_modules|tools_logs|members|addons_plugins|tools_data|tools_utilities|content_edit|content|content_publish|tools|admin_system|admin_content|addons|addons_extensions|addons_accessories', '1.0'),
(2, 'Quick_tips_acc', '1|5', 'addons|addons_accessories|addons_extensions|addons_fieldtypes|addons_modules|addons_plugins|admin_content|admin_system|content|content_edit|content_files|content_files_modal|content_publish|design|homepage|members|myaccount|tools|tools_communicate|tools_data|tools_logs|tools_utilities', '1.1'),
(3, 'Learning_acc', '1|5', 'content_files|addons_fieldtypes|design|content_files_modal|tools_communicate|homepage|myaccount|addons_modules|tools_logs|members|addons_plugins|tools_data|tools_utilities|content_edit|content|content_publish|tools|admin_system|admin_content|addons|addons_extensions|addons_accessories', '1.0');

-- --------------------------------------------------------

--
-- Table structure for table `exp_actions`
--

CREATE TABLE IF NOT EXISTS `exp_actions` (
  `action_id` int(4) unsigned NOT NULL AUTO_INCREMENT,
  `class` varchar(50) NOT NULL,
  `method` varchar(50) NOT NULL,
  `csrf_exempt` tinyint(1) unsigned NOT NULL DEFAULT '0',
  PRIMARY KEY (`action_id`)
) ENGINE=MyISAM  DEFAULT CHARSET=utf8 AUTO_INCREMENT=11 ;

--
-- Dumping data for table `exp_actions`
--

INSERT INTO `exp_actions` (`action_id`, `class`, `method`, `csrf_exempt`) VALUES
(1, 'Comment', 'insert_new_comment', 0),
(2, 'Comment_mcp', 'delete_comment_notification', 0),
(3, 'Comment', 'comment_subscribe', 0),
(4, 'Comment', 'edit_comment', 0),
(5, 'Search', 'do_search', 1),
(6, 'Channel', 'submit_entry', 0),
(7, 'Channel', 'filemanager_endpoint', 0),
(8, 'Channel', 'smiley_pop', 0),
(9, 'Channel', 'combo_loader', 0),
(10, 'Rte', 'get_js', 0);

-- --------------------------------------------------------

--
-- Table structure for table `exp_captcha`
--

CREATE TABLE IF NOT EXISTS `exp_captcha` (
  `captcha_id` bigint(13) unsigned NOT NULL AUTO_INCREMENT,
  `date` int(10) unsigned NOT NULL,
  `ip_address` varchar(45) NOT NULL DEFAULT '0',
  `word` varchar(20) NOT NULL,
  PRIMARY KEY (`captcha_id`),
  KEY `word` (`word`)
) ENGINE=MyISAM DEFAULT CHARSET=utf8 AUTO_INCREMENT=1 ;

-- --------------------------------------------------------

--
-- Table structure for table `exp_categories`
--

CREATE TABLE IF NOT EXISTS `exp_categories` (
  `cat_id` int(10) unsigned NOT NULL AUTO_INCREMENT,
  `site_id` int(4) unsigned NOT NULL DEFAULT '1',
  `group_id` int(6) unsigned NOT NULL,
  `parent_id` int(4) unsigned NOT NULL,
  `cat_name` varchar(100) NOT NULL,
  `cat_url_title` varchar(75) NOT NULL,
  `cat_description` text,
  `cat_image` varchar(120) DEFAULT NULL,
  `cat_order` int(4) unsigned NOT NULL,
  PRIMARY KEY (`cat_id`),
  KEY `group_id` (`group_id`),
  KEY `cat_name` (`cat_name`),
  KEY `site_id` (`site_id`)
) ENGINE=MyISAM DEFAULT CHARSET=utf8 AUTO_INCREMENT=1 ;

-- --------------------------------------------------------

--
-- Table structure for table `exp_category_fields`
--

CREATE TABLE IF NOT EXISTS `exp_category_fields` (
  `field_id` int(6) unsigned NOT NULL AUTO_INCREMENT,
  `site_id` int(4) unsigned NOT NULL DEFAULT '1',
  `group_id` int(4) unsigned NOT NULL,
  `field_name` varchar(32) NOT NULL DEFAULT '',
  `field_label` varchar(50) NOT NULL DEFAULT '',
  `field_type` varchar(12) NOT NULL DEFAULT 'text',
  `field_list_items` text NOT NULL,
  `field_maxl` smallint(3) NOT NULL DEFAULT '128',
  `field_ta_rows` tinyint(2) NOT NULL DEFAULT '8',
  `field_default_fmt` varchar(40) NOT NULL DEFAULT 'none',
  `field_show_fmt` char(1) NOT NULL DEFAULT 'y',
  `field_text_direction` char(3) NOT NULL DEFAULT 'ltr',
  `field_required` char(1) NOT NULL DEFAULT 'n',
  `field_order` int(3) unsigned NOT NULL,
  PRIMARY KEY (`field_id`),
  KEY `site_id` (`site_id`),
  KEY `group_id` (`group_id`)
) ENGINE=MyISAM DEFAULT CHARSET=utf8 AUTO_INCREMENT=1 ;

-- --------------------------------------------------------

--
-- Table structure for table `exp_category_field_data`
--

CREATE TABLE IF NOT EXISTS `exp_category_field_data` (
  `cat_id` int(4) unsigned NOT NULL,
  `site_id` int(4) unsigned NOT NULL DEFAULT '1',
  `group_id` int(4) unsigned NOT NULL,
  PRIMARY KEY (`cat_id`),
  KEY `site_id` (`site_id`),
  KEY `group_id` (`group_id`)
) ENGINE=MyISAM DEFAULT CHARSET=utf8;

-- --------------------------------------------------------

--
-- Table structure for table `exp_category_groups`
--

CREATE TABLE IF NOT EXISTS `exp_category_groups` (
  `group_id` int(6) unsigned NOT NULL AUTO_INCREMENT,
  `site_id` int(4) unsigned NOT NULL DEFAULT '1',
  `group_name` varchar(50) NOT NULL,
  `sort_order` char(1) NOT NULL DEFAULT 'a',
  `exclude_group` tinyint(1) unsigned NOT NULL DEFAULT '0',
  `field_html_formatting` char(4) NOT NULL DEFAULT 'all',
  `can_edit_categories` text,
  `can_delete_categories` text,
  PRIMARY KEY (`group_id`),
  KEY `site_id` (`site_id`)
) ENGINE=MyISAM  DEFAULT CHARSET=utf8 AUTO_INCREMENT=5 ;

--
-- Dumping data for table `exp_category_groups`
--

INSERT INTO `exp_category_groups` (`group_id`, `site_id`, `group_name`, `sort_order`, `exclude_group`, `field_html_formatting`, `can_edit_categories`, `can_delete_categories`) VALUES
(1, 1, 'News', 'a', 0, 'all', '', ''),
(2, 1, 'Expression Engine', 'a', 0, 'all', '', ''),
(3, 1, 'jQuery', 'a', 0, 'all', '', ''),
(4, 1, 'Work', 'a', 0, 'all', '', '');

-- --------------------------------------------------------

--
-- Table structure for table `exp_category_posts`
--

CREATE TABLE IF NOT EXISTS `exp_category_posts` (
  `entry_id` int(10) unsigned NOT NULL,
  `cat_id` int(10) unsigned NOT NULL,
  PRIMARY KEY (`entry_id`,`cat_id`)
) ENGINE=MyISAM DEFAULT CHARSET=utf8;

-- --------------------------------------------------------

--
-- Table structure for table `exp_channels`
--

CREATE TABLE IF NOT EXISTS `exp_channels` (
  `channel_id` int(6) unsigned NOT NULL AUTO_INCREMENT,
  `site_id` int(4) unsigned NOT NULL DEFAULT '1',
  `channel_name` varchar(40) NOT NULL,
  `channel_title` varchar(100) NOT NULL,
  `channel_url` varchar(100) NOT NULL,
  `channel_description` varchar(255) DEFAULT NULL,
  `channel_lang` varchar(12) NOT NULL,
  `total_entries` mediumint(8) NOT NULL DEFAULT '0',
  `total_comments` mediumint(8) NOT NULL DEFAULT '0',
  `last_entry_date` int(10) unsigned NOT NULL DEFAULT '0',
  `last_comment_date` int(10) unsigned NOT NULL DEFAULT '0',
  `cat_group` varchar(255) DEFAULT NULL,
  `status_group` int(4) unsigned DEFAULT NULL,
  `deft_status` varchar(50) NOT NULL DEFAULT 'open',
  `field_group` int(4) unsigned DEFAULT NULL,
  `search_excerpt` int(4) unsigned DEFAULT NULL,
  `deft_category` varchar(60) DEFAULT NULL,
  `deft_comments` char(1) NOT NULL DEFAULT 'y',
  `channel_require_membership` char(1) NOT NULL DEFAULT 'y',
  `channel_max_chars` int(5) unsigned DEFAULT NULL,
  `channel_html_formatting` char(4) NOT NULL DEFAULT 'all',
  `channel_allow_img_urls` char(1) NOT NULL DEFAULT 'y',
  `channel_auto_link_urls` char(1) NOT NULL DEFAULT 'n',
  `channel_notify` char(1) NOT NULL DEFAULT 'n',
  `channel_notify_emails` varchar(255) DEFAULT NULL,
  `comment_url` varchar(80) DEFAULT NULL,
  `comment_system_enabled` char(1) NOT NULL DEFAULT 'y',
  `comment_require_membership` char(1) NOT NULL DEFAULT 'n',
  `comment_use_captcha` char(1) NOT NULL DEFAULT 'n',
  `comment_moderate` char(1) NOT NULL DEFAULT 'n',
  `comment_max_chars` int(5) unsigned DEFAULT '5000',
  `comment_timelock` int(5) unsigned NOT NULL DEFAULT '0',
  `comment_require_email` char(1) NOT NULL DEFAULT 'y',
  `comment_text_formatting` char(5) NOT NULL DEFAULT 'xhtml',
  `comment_html_formatting` char(4) NOT NULL DEFAULT 'safe',
  `comment_allow_img_urls` char(1) NOT NULL DEFAULT 'n',
  `comment_auto_link_urls` char(1) NOT NULL DEFAULT 'y',
  `comment_notify` char(1) NOT NULL DEFAULT 'n',
  `comment_notify_authors` char(1) NOT NULL DEFAULT 'n',
  `comment_notify_emails` varchar(255) DEFAULT NULL,
  `comment_expiration` int(4) unsigned NOT NULL DEFAULT '0',
  `search_results_url` varchar(80) DEFAULT NULL,
  `show_button_cluster` char(1) NOT NULL DEFAULT 'y',
  `rss_url` varchar(80) DEFAULT NULL,
  `enable_versioning` char(1) NOT NULL DEFAULT 'n',
  `max_revisions` smallint(4) unsigned NOT NULL DEFAULT '10',
  `default_entry_title` varchar(100) DEFAULT NULL,
  `url_title_prefix` varchar(80) DEFAULT NULL,
  `live_look_template` int(10) unsigned NOT NULL DEFAULT '0',
  PRIMARY KEY (`channel_id`),
  KEY `cat_group` (`cat_group`),
  KEY `status_group` (`status_group`),
  KEY `field_group` (`field_group`),
  KEY `channel_name` (`channel_name`),
  KEY `site_id` (`site_id`)
) ENGINE=MyISAM  DEFAULT CHARSET=utf8 AUTO_INCREMENT=4 ;

--
-- Dumping data for table `exp_channels`
--

INSERT INTO `exp_channels` (`channel_id`, `site_id`, `channel_name`, `channel_title`, `channel_url`, `channel_description`, `channel_lang`, `total_entries`, `total_comments`, `last_entry_date`, `last_comment_date`, `cat_group`, `status_group`, `deft_status`, `field_group`, `search_excerpt`, `deft_category`, `deft_comments`, `channel_require_membership`, `channel_max_chars`, `channel_html_formatting`, `channel_allow_img_urls`, `channel_auto_link_urls`, `channel_notify`, `channel_notify_emails`, `comment_url`, `comment_system_enabled`, `comment_require_membership`, `comment_use_captcha`, `comment_moderate`, `comment_max_chars`, `comment_timelock`, `comment_require_email`, `comment_text_formatting`, `comment_html_formatting`, `comment_allow_img_urls`, `comment_auto_link_urls`, `comment_notify`, `comment_notify_authors`, `comment_notify_emails`, `comment_expiration`, `search_results_url`, `show_button_cluster`, `rss_url`, `enable_versioning`, `max_revisions`, `default_entry_title`, `url_title_prefix`, `live_look_template`) VALUES
(1, 1, 'news_fields', 'News Fields', 'http://ee.dev/index.php', '', 'en', 6, 0, 1404311880, 0, '1', 1, 'open', 1, 1, '', 'y', 'y', NULL, 'all', 'y', 'n', 'n', '', '', 'y', 'n', 'n', 'n', 5000, 0, 'y', 'xhtml', 'safe', 'n', 'y', 'n', 'n', '', 0, '', 'y', '', 'n', 10, '', '', 0),
(2, 1, 'portfolio', 'Portfolio', 'http://ee.dev/index.php', NULL, 'en', 2, 0, 1404316380, 0, '', NULL, 'open', 2, NULL, NULL, 'y', 'y', NULL, 'all', 'y', 'n', 'n', NULL, NULL, 'y', 'n', 'n', 'n', 5000, 0, 'y', 'xhtml', 'safe', 'n', 'y', 'n', 'n', NULL, 0, NULL, 'y', NULL, 'n', 10, '', '', 0),
(3, 1, 'template_var', 'Template variables', 'http://ee.dev/index.php', NULL, 'en', 1, 0, 1404312720, 0, '2', NULL, 'open', NULL, NULL, NULL, 'y', 'y', NULL, 'all', 'y', 'n', 'n', NULL, NULL, 'y', 'n', 'n', 'n', 5000, 0, 'y', 'xhtml', 'safe', 'n', 'y', 'n', 'n', NULL, 0, NULL, 'y', NULL, 'n', 10, '', '', 0);

-- --------------------------------------------------------

--
-- Table structure for table `exp_channel_data`
--

CREATE TABLE IF NOT EXISTS `exp_channel_data` (
  `entry_id` int(10) unsigned NOT NULL,
  `site_id` int(4) unsigned NOT NULL DEFAULT '1',
  `channel_id` int(4) unsigned NOT NULL,
  `field_id_1` text,
  `field_ft_1` tinytext,
  `field_id_2` text,
  `field_ft_2` tinytext,
  `field_id_4` text,
  `field_ft_4` tinytext,
  `field_id_5` text,
  `field_ft_5` tinytext,
  `field_id_6` text,
  `field_ft_6` tinytext,
  PRIMARY KEY (`entry_id`),
  KEY `channel_id` (`channel_id`),
  KEY `site_id` (`site_id`)
) ENGINE=MyISAM DEFAULT CHARSET=utf8;

--
-- Dumping data for table `exp_channel_data`
--

INSERT INTO `exp_channel_data` (`entry_id`, `site_id`, `channel_id`, `field_id_1`, `field_ft_1`, `field_id_2`, `field_ft_2`, `field_id_4`, `field_ft_4`, `field_id_5`, `field_ft_5`, `field_id_6`, `field_ft_6`) VALUES
(1, 1, 1, 'Lorem Ipsum is simply dummy text of the printing and typesetting industry. Lorem Ipsum has been the industry''s standard dummy text ever since the 1500s, when an unknown printer took a galley of type and scrambled it to make a type specimen book. It has survived not only five centuries, but also the leap into electronic typesetting, remaining essentially unchanged. It was popularised in the 1960s with the release of Letraset sheets containing Lorem Ipsum passages, and more recently with desktop publishing software like Aldus PageMaker including versions of Lorem Ipsum.', 'none', '', 'none', '', 'none', '', 'none', '', 'none'),
(2, 1, 1, 'Lorem Ipsum is simply dummy text of the printing and typesetting industry. Lorem Ipsum has been the industry''s standard dummy text ever since the 1500s, when an unknown printer took a galley of type and scrambled it to make a type specimen book. It has survived not only five centuries, but also the leap into electronic typesetting, remaining essentially unchanged. It was popularised in the 1960s with the release of Letraset sheets containing Lorem Ipsum passages, and more recently with desktop publishing software like Aldus PageMaker including versions of Lorem Ipsum.', 'none', '', 'none', '', 'none', '', 'none', '', 'none'),
(3, 1, 1, ' Lorem ipsum dolor sit amet, consectetur adipiscing elit. Ut at ligula ac erat vulputate commodo in eget velit. Fusce condimentum orci ut nunc faucibus tristique. Pellentesque dolor nibh, sagittis accumsan scelerisque nec, varius eget nibh. Morbi lorem eros, tempus non diam posuere, eleifend lobortis ligula. Pellentesque at dolor vel felis dapibus aliquet quis ut nulla. In condimentum libero nec risus iaculis, non bibendum justo pharetra. Maecenas suscipit magna ut nunc dictum ultrices. Nullam dictum malesuada nulla. Ut porta tempor consequat. Ut at mi lobortis, adipiscing metus eget, aliquet ipsum. Suspendisse sodales arcu ac nisl molestie faucibus. Nam viverra diam ligula, non gravida diam pulvinar eu. Etiam iaculis egestas hendrerit. Ut molestie gravida tortor nec egestas. ', 'none', '', 'none', '', 'none', '', 'none', '', 'none'),
(5, 1, 1, 'And we''re not talking about ExpressionEngine''s self esteem. ExpressionEngine has never had a major security vulnerability, in eleven years and counting. Security in ExpressionEngine is of tremendous importance to our team.', 'none', '', NULL, '', 'none', '', 'none', '', 'none'),
(6, 1, 1, 'Lorem Ipsum is simply dummy text of the printing and typesetting industry. Lorem Ipsum has been the industry''s standard dummy text ever since the 1500s, when an unknown printer took a galley of type and scrambled it to make a type specimen book. It has survived not only five centuries, but also the leap into electronic typesetting, remaining essentially unchanged. It was popularised in the 1960s with the release of Letraset sheets containing Lorem Ipsum passages, and more recently with desktop publishing software like Aldus PageMaker including versions of Lorem Ipsum. ', 'none', '', NULL, '{filedir_1}slideshow.jpeg', 'none', 'this is an image caption', 'none', '', 'none'),
(7, 1, 1, 'Lorem Ipsum is simply dummy text of the printing and typesetting industry. Lorem Ipsum has been the industry''s standard dummy text ever since the 1500s, when an unknown printer took a galley of type and scrambled it to make a type specimen book. It has survived not only five centuries, but also the leap into electronic typesetting, remaining essentially unchanged. It was popularised in the 1960s with the release of Letraset sheets containing Lorem Ipsum passages, and more recently with desktop publishing software like Aldus PageMaker including versions of Lorem Ipsum. ', 'none', '', NULL, '{filedir_1}profile_2.png', 'none', 'profile pic', 'none', '', 'none'),
(8, 1, 2, '', NULL, '{filedir_1}profile.png', 'none', '', NULL, '', NULL, '', 'none'),
(9, 1, 3, '', NULL, '', NULL, '', NULL, '', NULL, '', 'none'),
(10, 1, 2, '', NULL, '{filedir_1}avatar.jpeg', 'none', '', NULL, '', NULL, '', NULL);

-- --------------------------------------------------------

--
-- Table structure for table `exp_channel_entries_autosave`
--

CREATE TABLE IF NOT EXISTS `exp_channel_entries_autosave` (
  `entry_id` int(10) unsigned NOT NULL AUTO_INCREMENT,
  `original_entry_id` int(10) unsigned NOT NULL,
  `site_id` int(4) unsigned NOT NULL DEFAULT '1',
  `channel_id` int(4) unsigned NOT NULL,
  `author_id` int(10) unsigned NOT NULL DEFAULT '0',
  `forum_topic_id` int(10) unsigned DEFAULT NULL,
  `ip_address` varchar(45) NOT NULL DEFAULT '0',
  `title` varchar(100) NOT NULL,
  `url_title` varchar(75) NOT NULL,
  `status` varchar(50) NOT NULL,
  `versioning_enabled` char(1) NOT NULL DEFAULT 'n',
  `view_count_one` int(10) unsigned NOT NULL DEFAULT '0',
  `view_count_two` int(10) unsigned NOT NULL DEFAULT '0',
  `view_count_three` int(10) unsigned NOT NULL DEFAULT '0',
  `view_count_four` int(10) unsigned NOT NULL DEFAULT '0',
  `allow_comments` varchar(1) NOT NULL DEFAULT 'y',
  `sticky` varchar(1) NOT NULL DEFAULT 'n',
  `entry_date` int(10) NOT NULL,
  `year` char(4) NOT NULL,
  `month` char(2) NOT NULL,
  `day` char(3) NOT NULL,
  `expiration_date` int(10) NOT NULL DEFAULT '0',
  `comment_expiration_date` int(10) NOT NULL DEFAULT '0',
  `edit_date` bigint(14) DEFAULT NULL,
  `recent_comment_date` int(10) DEFAULT NULL,
  `comment_total` int(4) unsigned NOT NULL DEFAULT '0',
  `entry_data` text,
  PRIMARY KEY (`entry_id`),
  KEY `channel_id` (`channel_id`),
  KEY `author_id` (`author_id`),
  KEY `url_title` (`url_title`),
  KEY `status` (`status`),
  KEY `entry_date` (`entry_date`),
  KEY `expiration_date` (`expiration_date`),
  KEY `site_id` (`site_id`)
) ENGINE=MyISAM  DEFAULT CHARSET=utf8 AUTO_INCREMENT=2 ;

-- --------------------------------------------------------

--
-- Table structure for table `exp_channel_fields`
--

CREATE TABLE IF NOT EXISTS `exp_channel_fields` (
  `field_id` int(6) unsigned NOT NULL AUTO_INCREMENT,
  `site_id` int(4) unsigned NOT NULL DEFAULT '1',
  `group_id` int(4) unsigned NOT NULL,
  `field_name` varchar(32) NOT NULL,
  `field_label` varchar(50) NOT NULL,
  `field_instructions` text,
  `field_type` varchar(50) NOT NULL DEFAULT 'text',
  `field_list_items` text NOT NULL,
  `field_pre_populate` char(1) NOT NULL DEFAULT 'n',
  `field_pre_channel_id` int(6) unsigned DEFAULT NULL,
  `field_pre_field_id` int(6) unsigned DEFAULT NULL,
  `field_ta_rows` tinyint(2) DEFAULT '8',
  `field_maxl` smallint(3) DEFAULT NULL,
  `field_required` char(1) NOT NULL DEFAULT 'n',
  `field_text_direction` char(3) NOT NULL DEFAULT 'ltr',
  `field_search` char(1) NOT NULL DEFAULT 'n',
  `field_is_hidden` char(1) NOT NULL DEFAULT 'n',
  `field_fmt` varchar(40) NOT NULL DEFAULT 'xhtml',
  `field_show_fmt` char(1) NOT NULL DEFAULT 'y',
  `field_order` int(3) unsigned NOT NULL,
  `field_content_type` varchar(20) NOT NULL DEFAULT 'any',
  `field_settings` text,
  PRIMARY KEY (`field_id`),
  KEY `group_id` (`group_id`),
  KEY `field_type` (`field_type`),
  KEY `site_id` (`site_id`)
) ENGINE=MyISAM  DEFAULT CHARSET=utf8 AUTO_INCREMENT=8 ;

--
-- Dumping data for table `exp_channel_fields`
--

INSERT INTO `exp_channel_fields` (`field_id`, `site_id`, `group_id`, `field_name`, `field_label`, `field_instructions`, `field_type`, `field_list_items`, `field_pre_populate`, `field_pre_channel_id`, `field_pre_field_id`, `field_ta_rows`, `field_maxl`, `field_required`, `field_text_direction`, `field_search`, `field_is_hidden`, `field_fmt`, `field_show_fmt`, `field_order`, `field_content_type`, `field_settings`) VALUES
(1, 1, 1, 'news_body', 'News Body', '', 'textarea', '', '0', 0, 0, 6, 128, 'n', 'ltr', 'n', 'n', 'none', 'n', 1, 'any', 'YTo2OntzOjE4OiJmaWVsZF9zaG93X3NtaWxleXMiO3M6MToibiI7czoxOToiZmllbGRfc2hvd19nbG9zc2FyeSI7czoxOiJuIjtzOjIxOiJmaWVsZF9zaG93X3NwZWxsY2hlY2siO3M6MToibiI7czoyNjoiZmllbGRfc2hvd19mb3JtYXR0aW5nX2J0bnMiO3M6MToibiI7czoyNDoiZmllbGRfc2hvd19maWxlX3NlbGVjdG9yIjtzOjE6Im4iO3M6MjA6ImZpZWxkX3Nob3dfd3JpdGVtb2RlIjtzOjE6Im4iO30='),
(2, 1, 2, 'portfolio_thumbnail', 'Portfolio Thumbnail', 'upload your thumbnail image...', 'file', '', '0', 0, 0, 6, 128, 'y', 'ltr', 'y', 'n', 'none', 'n', 1, 'any', 'YToxMDp7czoxODoiZmllbGRfY29udGVudF90eXBlIjtzOjU6ImltYWdlIjtzOjE5OiJhbGxvd2VkX2RpcmVjdG9yaWVzIjtzOjM6ImFsbCI7czoxMzoic2hvd19leGlzdGluZyI7czoxOiJuIjtzOjEyOiJudW1fZXhpc3RpbmciO2I6MDtzOjE4OiJmaWVsZF9zaG93X3NtaWxleXMiO3M6MToibiI7czoxOToiZmllbGRfc2hvd19nbG9zc2FyeSI7czoxOiJuIjtzOjIxOiJmaWVsZF9zaG93X3NwZWxsY2hlY2siO3M6MToibiI7czoyNjoiZmllbGRfc2hvd19mb3JtYXR0aW5nX2J0bnMiO3M6MToibiI7czoyNDoiZmllbGRfc2hvd19maWxlX3NlbGVjdG9yIjtzOjE6Im4iO3M6MjA6ImZpZWxkX3Nob3dfd3JpdGVtb2RlIjtzOjE6Im4iO30='),
(4, 1, 1, 'image', 'image', 'upload your image here', 'file', '', '0', 0, 0, 6, 128, 'y', 'ltr', 'n', 'n', 'none', 'n', 2, 'any', 'YToxMDp7czoxODoiZmllbGRfY29udGVudF90eXBlIjtzOjU6ImltYWdlIjtzOjE5OiJhbGxvd2VkX2RpcmVjdG9yaWVzIjtzOjM6ImFsbCI7czoxMzoic2hvd19leGlzdGluZyI7czoxOiJuIjtzOjEyOiJudW1fZXhpc3RpbmciO2I6MDtzOjE4OiJmaWVsZF9zaG93X3NtaWxleXMiO3M6MToibiI7czoxOToiZmllbGRfc2hvd19nbG9zc2FyeSI7czoxOiJuIjtzOjIxOiJmaWVsZF9zaG93X3NwZWxsY2hlY2siO3M6MToibiI7czoyNjoiZmllbGRfc2hvd19mb3JtYXR0aW5nX2J0bnMiO3M6MToibiI7czoyNDoiZmllbGRfc2hvd19maWxlX3NlbGVjdG9yIjtzOjE6Im4iO3M6MjA6ImZpZWxkX3Nob3dfd3JpdGVtb2RlIjtzOjE6Im4iO30='),
(5, 1, 1, 'image_caption', 'image caption', 'give your image a caption', 'text', '', '0', 0, 0, 6, 128, 'n', 'ltr', 'n', 'n', 'none', 'n', 3, 'any', 'YTo3OntzOjE4OiJmaWVsZF9jb250ZW50X3R5cGUiO3M6MzoiYWxsIjtzOjE4OiJmaWVsZF9zaG93X3NtaWxleXMiO3M6MToibiI7czoxOToiZmllbGRfc2hvd19nbG9zc2FyeSI7czoxOiJuIjtzOjIxOiJmaWVsZF9zaG93X3NwZWxsY2hlY2siO3M6MToibiI7czoyNjoiZmllbGRfc2hvd19mb3JtYXR0aW5nX2J0bnMiO3M6MToibiI7czoyNDoiZmllbGRfc2hvd19maWxlX3NlbGVjdG9yIjtzOjE6Im4iO3M6MjA6ImZpZWxkX3Nob3dfd3JpdGVtb2RlIjtzOjE6Im4iO30='),
(6, 1, 3, 'info', 'info', 'fill in some nistruction about the variable here....', 'textarea', '', '0', 0, 0, 6, 128, 'y', 'ltr', 'y', 'n', 'none', 'n', 1, 'any', 'YTo2OntzOjE4OiJmaWVsZF9zaG93X3NtaWxleXMiO3M6MToibiI7czoxOToiZmllbGRfc2hvd19nbG9zc2FyeSI7czoxOiJuIjtzOjIxOiJmaWVsZF9zaG93X3NwZWxsY2hlY2siO3M6MToibiI7czoyNjoiZmllbGRfc2hvd19mb3JtYXR0aW5nX2J0bnMiO3M6MToibiI7czoyNDoiZmllbGRfc2hvd19maWxlX3NlbGVjdG9yIjtzOjE6Im4iO3M6MjA6ImZpZWxkX3Nob3dfd3JpdGVtb2RlIjtzOjE6Im4iO30=');

-- --------------------------------------------------------

--
-- Table structure for table `exp_channel_form_settings`
--

CREATE TABLE IF NOT EXISTS `exp_channel_form_settings` (
  `channel_form_settings_id` int(10) unsigned NOT NULL AUTO_INCREMENT,
  `site_id` int(4) unsigned NOT NULL DEFAULT '0',
  `channel_id` int(6) unsigned NOT NULL DEFAULT '0',
  `default_status` varchar(50) NOT NULL DEFAULT 'open',
  `require_captcha` char(1) NOT NULL DEFAULT 'n',
  `allow_guest_posts` char(1) NOT NULL DEFAULT 'n',
  `default_author` int(11) NOT NULL DEFAULT '0',
  PRIMARY KEY (`channel_form_settings_id`),
  KEY `site_id` (`site_id`),
  KEY `channel_id` (`channel_id`)
) ENGINE=MyISAM DEFAULT CHARSET=utf8 AUTO_INCREMENT=1 ;

-- --------------------------------------------------------

--
-- Table structure for table `exp_channel_member_groups`
--

CREATE TABLE IF NOT EXISTS `exp_channel_member_groups` (
  `group_id` smallint(4) unsigned NOT NULL,
  `channel_id` int(6) unsigned NOT NULL,
  PRIMARY KEY (`group_id`,`channel_id`)
) ENGINE=MyISAM DEFAULT CHARSET=utf8;

-- --------------------------------------------------------

--
-- Table structure for table `exp_channel_titles`
--

CREATE TABLE IF NOT EXISTS `exp_channel_titles` (
  `entry_id` int(10) unsigned NOT NULL AUTO_INCREMENT,
  `site_id` int(4) unsigned NOT NULL DEFAULT '1',
  `channel_id` int(4) unsigned NOT NULL,
  `author_id` int(10) unsigned NOT NULL DEFAULT '0',
  `forum_topic_id` int(10) unsigned DEFAULT NULL,
  `ip_address` varchar(45) NOT NULL DEFAULT '0',
  `title` varchar(100) NOT NULL,
  `url_title` varchar(75) NOT NULL,
  `status` varchar(50) NOT NULL,
  `versioning_enabled` char(1) NOT NULL DEFAULT 'n',
  `view_count_one` int(10) unsigned NOT NULL DEFAULT '0',
  `view_count_two` int(10) unsigned NOT NULL DEFAULT '0',
  `view_count_three` int(10) unsigned NOT NULL DEFAULT '0',
  `view_count_four` int(10) unsigned NOT NULL DEFAULT '0',
  `allow_comments` varchar(1) NOT NULL DEFAULT 'y',
  `sticky` varchar(1) NOT NULL DEFAULT 'n',
  `entry_date` int(10) NOT NULL,
  `year` char(4) NOT NULL,
  `month` char(2) NOT NULL,
  `day` char(3) NOT NULL,
  `expiration_date` int(10) NOT NULL DEFAULT '0',
  `comment_expiration_date` int(10) NOT NULL DEFAULT '0',
  `edit_date` bigint(14) DEFAULT NULL,
  `recent_comment_date` int(10) DEFAULT NULL,
  `comment_total` int(4) unsigned NOT NULL DEFAULT '0',
  PRIMARY KEY (`entry_id`),
  KEY `channel_id` (`channel_id`),
  KEY `author_id` (`author_id`),
  KEY `url_title` (`url_title`),
  KEY `status` (`status`),
  KEY `entry_date` (`entry_date`),
  KEY `expiration_date` (`expiration_date`),
  KEY `site_id` (`site_id`)
) ENGINE=MyISAM  DEFAULT CHARSET=utf8 AUTO_INCREMENT=11 ;

--
-- Dumping data for table `exp_channel_titles`
--

INSERT INTO `exp_channel_titles` (`entry_id`, `site_id`, `channel_id`, `author_id`, `forum_topic_id`, `ip_address`, `title`, `url_title`, `status`, `versioning_enabled`, `view_count_one`, `view_count_two`, `view_count_three`, `view_count_four`, `allow_comments`, `sticky`, `entry_date`, `year`, `month`, `day`, `expiration_date`, `comment_expiration_date`, `edit_date`, `recent_comment_date`, `comment_total`) VALUES
(1, 1, 1, 1, NULL, '127.0.0.1', 'Hello World', 'hello-world', 'open', 'y', 0, 0, 0, 0, 'y', 'n', 1404125580, '2014', '06', '30', 0, 0, 20140630105410, 0, 0),
(2, 1, 1, 1, NULL, '127.0.0.1', 'Hello Again', 'hello-again', 'open', 'y', 0, 0, 0, 0, 'y', 'n', 1404125700, '2014', '06', '30', 0, 0, 20140630105512, 0, 0),
(3, 1, 1, 1, NULL, '127.0.0.1', 'Hello World', 'hello-world1', 'open', 'y', 0, 0, 0, 0, 'y', 'n', 1404134100, '2014', '06', '30', 0, 0, 20140630131643, 0, 0),
(5, 1, 1, 1, NULL, '127.0.0.1', 'lorem', 'lorem', 'open', 'y', 0, 0, 0, 0, 'y', 'n', 1404310680, '2014', '07', '02', 0, 0, 20140702141936, 0, 0),
(6, 1, 1, 1, NULL, '127.0.0.1', 'Hello World', 'hello-world2', 'open', 'y', 0, 0, 0, 0, 'y', 'n', 1404311760, '2014', '07', '02', 0, 0, 20140702143711, 0, 0),
(7, 1, 1, 1, NULL, '127.0.0.1', 'Another post', 'another-post', 'open', 'y', 0, 0, 0, 0, 'y', 'n', 1404311880, '2014', '07', '02', 0, 0, 20140702150110, 0, 0),
(8, 1, 2, 1, NULL, '127.0.0.1', 'fasgfrfgawegtergtwer', 'fasgfrfgawegtergtwer', 'open', 'y', 0, 0, 0, 0, 'y', 'n', 1404311880, '2014', '07', '02', 0, 0, 20140702143855, 0, 0),
(9, 1, 3, 1, NULL, '127.0.0.1', 'Path Variables', 'path-variables', 'open', 'y', 0, 0, 0, 0, 'y', 'n', 1404312720, '2014', '07', '02', 0, 0, 20140702145501, 0, 0),
(10, 1, 2, 1, NULL, '127.0.0.1', 'avatar', 'avatar', 'open', 'y', 0, 0, 0, 0, 'y', 'n', 1404316380, '2014', '07', '02', 0, 0, 20140702155404, 0, 0);

-- --------------------------------------------------------

--
-- Table structure for table `exp_comments`
--

CREATE TABLE IF NOT EXISTS `exp_comments` (
  `comment_id` int(10) unsigned NOT NULL AUTO_INCREMENT,
  `site_id` int(4) DEFAULT '1',
  `entry_id` int(10) unsigned DEFAULT '0',
  `channel_id` int(4) unsigned DEFAULT '1',
  `author_id` int(10) unsigned DEFAULT '0',
  `status` char(1) DEFAULT '0',
  `name` varchar(50) DEFAULT NULL,
  `email` varchar(75) DEFAULT NULL,
  `url` varchar(75) DEFAULT NULL,
  `location` varchar(50) DEFAULT NULL,
  `ip_address` varchar(45) DEFAULT NULL,
  `comment_date` int(10) DEFAULT NULL,
  `edit_date` int(10) DEFAULT NULL,
  `comment` text,
  PRIMARY KEY (`comment_id`),
  KEY `entry_id` (`entry_id`),
  KEY `channel_id` (`channel_id`),
  KEY `author_id` (`author_id`),
  KEY `status` (`status`),
  KEY `site_id` (`site_id`),
  KEY `comment_date_idx` (`comment_date`)
) ENGINE=MyISAM DEFAULT CHARSET=utf8 AUTO_INCREMENT=1 ;

-- --------------------------------------------------------

--
-- Table structure for table `exp_comment_subscriptions`
--

CREATE TABLE IF NOT EXISTS `exp_comment_subscriptions` (
  `subscription_id` int(10) unsigned NOT NULL AUTO_INCREMENT,
  `entry_id` int(10) unsigned DEFAULT NULL,
  `member_id` int(10) DEFAULT '0',
  `email` varchar(75) DEFAULT NULL,
  `subscription_date` varchar(10) DEFAULT NULL,
  `notification_sent` char(1) DEFAULT 'n',
  `hash` varchar(15) DEFAULT NULL,
  PRIMARY KEY (`subscription_id`),
  KEY `entry_id` (`entry_id`),
  KEY `member_id` (`member_id`)
) ENGINE=MyISAM DEFAULT CHARSET=utf8 AUTO_INCREMENT=1 ;

-- --------------------------------------------------------

--
-- Table structure for table `exp_content_types`
--

CREATE TABLE IF NOT EXISTS `exp_content_types` (
  `content_type_id` int(10) unsigned NOT NULL AUTO_INCREMENT,
  `name` varchar(50) NOT NULL DEFAULT '',
  PRIMARY KEY (`content_type_id`),
  KEY `name` (`name`)
) ENGINE=MyISAM  DEFAULT CHARSET=utf8 AUTO_INCREMENT=3 ;

--
-- Dumping data for table `exp_content_types`
--

INSERT INTO `exp_content_types` (`content_type_id`, `name`) VALUES
(1, 'grid'),
(2, 'channel');

-- --------------------------------------------------------

--
-- Table structure for table `exp_cp_log`
--

CREATE TABLE IF NOT EXISTS `exp_cp_log` (
  `id` int(10) NOT NULL AUTO_INCREMENT,
  `site_id` int(4) unsigned NOT NULL DEFAULT '1',
  `member_id` int(10) unsigned NOT NULL,
  `username` varchar(32) NOT NULL,
  `ip_address` varchar(45) NOT NULL DEFAULT '0',
  `act_date` int(10) NOT NULL,
  `action` varchar(200) NOT NULL,
  PRIMARY KEY (`id`),
  KEY `site_id` (`site_id`)
) ENGINE=MyISAM  DEFAULT CHARSET=utf8 AUTO_INCREMENT=44 ;

--
-- Dumping data for table `exp_cp_log`
--

INSERT INTO `exp_cp_log` (`id`, `site_id`, `member_id`, `username`, `ip_address`, `act_date`, `action`) VALUES
(1, 1, 1, 'admin', '127.0.0.1', 1404122079, 'Logged in'),
(2, 1, 1, 'admin', '127.0.0.1', 1404122703, 'Logged in'),
(3, 1, 1, 'admin', '127.0.0.1', 1404124593, 'Logged in'),
(4, 1, 1, 'admin', '127.0.0.1', 1404125098, 'Field Group Created:&nbsp;News Fields'),
(5, 1, 1, 'admin', '127.0.0.1', 1404125419, 'Channel Created:&nbsp;&nbsp;News Fields'),
(6, 1, 1, 'admin', '127.0.0.1', 1404133500, 'Logged in'),
(7, 1, 1, 'admin', '127.0.0.1', 1404142262, 'Logged in'),
(8, 1, 1, 'admin', '127.0.0.1', 1404162125, 'Logged in'),
(9, 1, 1, 'admin', '127.0.0.1', 1404166907, 'Logged in'),
(10, 1, 1, 'admin', '127.0.0.1', 1404203237, 'Logged in'),
(11, 1, 1, 'admin', '127.0.0.1', 1404209543, 'Logged in'),
(12, 1, 1, 'admin', '127.0.0.1', 1404212166, 'Logged in'),
(13, 1, 1, 'admin', '127.0.0.1', 1404212209, 'Field Group Created:&nbsp;Portfolio'),
(14, 1, 1, 'admin', '127.0.0.1', 1404215016, 'Logged in'),
(15, 1, 1, 'admin', '127.0.0.1', 1404220453, 'Logged in'),
(16, 1, 1, 'admin', '127.0.0.1', 1404222418, 'Logged in'),
(17, 1, 1, 'admin', '127.0.0.1', 1404299023, 'Logged in'),
(18, 1, 1, 'admin', '127.0.0.1', 1404301513, 'Logged in'),
(19, 1, 1, 'admin', '127.0.0.1', 1404308526, 'Logged in'),
(20, 1, 1, 'admin', '127.0.0.1', 1404310486, 'Logged in'),
(21, 1, 1, 'admin', '127.0.0.1', 1404310517, 'Category Group Created:&nbsp;&nbsp;News'),
(22, 1, 1, 'admin', '127.0.0.1', 1404310664, 'Category Group Created:&nbsp;&nbsp;Expression Engine'),
(23, 1, 1, 'admin', '127.0.0.1', 1404310672, 'Category Group Created:&nbsp;&nbsp;jQuery'),
(24, 1, 1, 'admin', '127.0.0.1', 1404311120, 'Logged in'),
(25, 1, 1, 'admin', '127.0.0.1', 1404311505, 'Channel Created:&nbsp;&nbsp;Portfolio'),
(26, 1, 1, 'admin', '127.0.0.1', 1404312737, 'Channel Created:&nbsp;&nbsp;Template variables'),
(27, 1, 1, 'admin', '127.0.0.1', 1404312801, 'Field Group Created:&nbsp;Expression Engine'),
(28, 1, 1, 'admin', '127.0.0.1', 1404315972, 'Custom Field Deleted:&nbsp;headline'),
(29, 1, 1, 'admin', '127.0.0.1', 1404316400, 'Category Group Created:&nbsp;&nbsp;Work'),
(30, 1, 1, 'admin', '127.0.0.1', 1404316468, 'Custom Field Deleted:&nbsp;Portfolio Link'),
(31, 1, 1, 'admin', '127.0.0.1', 1404376606, 'Logged in'),
(32, 1, 1, 'admin', '127.0.0.1', 1404402645, 'Logged in'),
(33, 1, 1, 'admin', '127.0.0.1', 1404469601, 'Logged in'),
(34, 1, 1, 'admin', '127.0.0.1', 1404472312, 'Logged in'),
(35, 1, 1, 'admin', '127.0.0.1', 1404478948, 'Logged in'),
(36, 1, 1, 'admin', '127.0.0.1', 1404485485, 'Logged in'),
(37, 1, 1, 'admin', '127.0.0.1', 1404485791, 'Logged in'),
(38, 1, 1, 'admin', '127.0.0.1', 1404490036, 'Logged in'),
(39, 1, 1, 'admin', '127.0.0.1', 1404568177, 'Logged in'),
(40, 1, 1, 'admin', '127.0.0.1', 1404569588, 'Logged in'),
(41, 1, 1, 'admin', '127.0.0.1', 1404569913, 'Logged in'),
(42, 1, 1, 'admin', '127.0.0.1', 1404720449, 'Logged in'),
(43, 1, 1, 'admin', '127.0.0.1', 1404732441, 'Logged in');

-- --------------------------------------------------------

--
-- Table structure for table `exp_cp_search_index`
--

CREATE TABLE IF NOT EXISTS `exp_cp_search_index` (
  `search_id` int(10) unsigned NOT NULL AUTO_INCREMENT,
  `controller` varchar(20) DEFAULT NULL,
  `method` varchar(50) DEFAULT NULL,
  `language` varchar(20) DEFAULT NULL,
  `access` varchar(50) DEFAULT NULL,
  `keywords` text,
  PRIMARY KEY (`search_id`),
  FULLTEXT KEY `keywords` (`keywords`)
) ENGINE=MyISAM  DEFAULT CHARSET=utf8 AUTO_INCREMENT=5409 ;

--
-- Dumping data for table `exp_cp_search_index`
--

INSERT INTO `exp_cp_search_index` (`search_id`, `controller`, `method`, `language`, `access`, `keywords`) VALUES
(5406, 'tools_utilities', 'member_import', '0', 'can_access_utilities', 'Member Import'),
(5407, 'tools_utilities', 'import_from_xml', '0', 'can_access_utilities', 'Import From XML'),
(5408, 'tools_utilities', 'translation_tool', '0', 'can_access_utilities', 'Translation Utility'),
(5405, 'tools_logs', 'view_developer_log', '0', 'can_access_logs', 'logs_view_developer_log'),
(5404, 'tools_logs', 'view_email_log', '0', 'can_access_logs', 'View Email Log'),
(5403, 'tools_logs', 'view_search_log', '0', 'can_access_logs', 'View Search Log'),
(5402, 'tools_logs', 'view_throttle_log', '0', 'can_access_logs', 'View Throttle Log'),
(5401, 'tools_logs', 'view_cp_log', '0', 'can_access_logs', 'View Control Panel Log'),
(5400, 'tools_data', 'clear_caching', '0', 'can_access_data', 'Clear Caching'),
(5397, 'tools_data', 'search_and_replace', '0', 'can_access_data', 'Search and Replace'),
(5398, 'tools_data', 'recount_stats', '0', 'can_access_data', 'Recount Stats'),
(5399, 'tools_data', 'php_info', '0', 'can_access_data', 'PHP Info'),
(5396, 'tools_data', 'sql_manager', '0', 'can_access_data', 'Sql Manager'),
(5395, 'members', 'member_search', '0', 'all', 'members_member_search'),
(5394, 'members', 'member_banning', '0', 'can_ban_users', 'members_member_banning'),
(5393, 'members', 'member_config', '0', 'can_admin_members', 'members_member_config'),
(5392, 'members', 'member_group_manager', '0', 'can_admin_mbr_groups', 'Member Group Management'),
(5391, 'members', 'custom_profile_fields', '0', 'can_admin_members', 'Custom Member Profile Fields'),
(5390, 'members', 'ip_search', '0', 'can_admin_members', 'ip IP members_ip_search'),
(5389, 'members', 'view_members', '0', 'can_access_members', 'members_view_members'),
(5388, 'members', 'member_validation', '0', 'can_admin_members', 'members_member_validation'),
(5387, 'members', 'register_member', '0', 'can_admin_members', 'members_register_member'),
(5386, 'design', 'member_profile_templates', '0', 'can_admin_mbr_templates', 'Member Profile Template'),
(5385, 'design', 'email_notification', '0', 'can_admin_templates', 'Email Notification Template'),
(5384, 'design', 'system_offline', '0', 'can_admin_design', 'System Offline Template'),
(5383, 'design', 'global_template_preferences', '0', 'can_admin_design', 'enable_template_routes strict_urls 404 Page save_tmpl_revisions max_tmpl_revisions save_tmpl_files tmpl_file_basepath'),
(5382, 'design', 'user_message', '0', 'can_admin_design', 'User Message Template'),
(5381, 'content_files', 'index', '0', 'can_access_files', 'File Manager'),
(5380, 'content_publish', 'index', '0', 'all', 'publish new entry publ_index'),
(5379, 'addons_plugins', 'index', '0', 'can_access_plugins', 'Plugins'),
(5378, 'addons_modules', 'index', '0', 'can_access_modules', 'Modules'),
(5377, 'addons_fieldtypes', 'index', '0', 'can_access_fieldtypes', 'fiel_index'),
(5376, 'addons_extensions', 'index', '0', 'can_access_extensions', 'Extensions'),
(5375, 'addons_accessories', 'index', '0', 'can_access_accessories', 'Accessories'),
(5374, 'admin_content', 'category_management', '0', 'can_admin_categories', 'Category Management'),
(5373, 'admin_content', 'field_group_management', '0', 'can_admin_channels', 'Field Group Management'),
(5371, 'admin_system', 'search_log_configuration', '0', 'can_access_sys_prefs', 'Enable Search Term Logging Maximum number of recent search terms to save'),
(5372, 'admin_content', 'global_channel_preferences', '0', 'can_admin_channels', 'Use Category URL Titles In Links? Category URL Indicator Auto-Assign Category Parents Clear all caches when new entries are posted? Cache Dynamic Channel Queries? Word Separator for URL Titles'),
(5370, 'admin_system', 'tracking_preferences', '0', 'can_access_sys_prefs', 'Enable Online User Tracking? Enable Template Hit Tracking? Enable Channel Entry View Tracking? Maximum number of recent referrers to save Suspend ALL tracking when number of online visitors exceeds:'),
(5369, 'admin_system', 'emoticon_preferences', '0', 'can_access_sys_prefs', 'Display Smileys? URL to the directory containing your smileys '),
(5368, 'admin_system', 'mailing_list_preferences', '0', 'can_access_sys_prefs', 'Mailing List is Enabled Enable recipient list for notification of new mailing list sign-ups Email Address of Notification Recipient(s) '),
(5367, 'admin_system', 'word_censoring', '0', 'can_access_sys_prefs', 'Enable Word Censoring? Censoring Replacement Word Censored Words'),
(5366, 'admin_system', 'captcha_preferences', '0', 'can_access_sys_prefs', 'Server Path to CAPTCHA Folder Full URL to CAPTCHA Folder Use TrueType Font for CAPTCHA? Add Random Number to CAPTCHA Word Require CAPTCHA with logged-in members?'),
(5364, 'admin_system', 'cookie_settings', '0', 'can_access_sys_prefs', 'cookies Cookie Domain Cookie Path Cookie Prefix'),
(5365, 'admin_system', 'image_resizing_preferences', '0', 'can_access_sys_prefs', 'Image Resizing Protocol Image Converter Path Image Thumbnail Suffix'),
(5363, 'admin_system', 'email_configuration', '0', 'can_access_sys_prefs', 'Return email address for auto-generated emails Webmaster or site name for auto-generated emails Email Character Encoding Enable Email Debugging? Email Protocol SMTP Server Address SMTP Server Port SMTP Username SMTP Password Use Batch Mode? Number of Emails Per Batch Default Mail Format Enable Word-wrapping by Default? Email Console Timelock Log Email Console Messages Enable CAPTCHAs for Tell-a-Friend and Contact emails'),
(5361, 'admin_system', 'throttling_configuration', '0', 'can_access_sys_prefs', 'Enable Throttling Deny Access if No IP Address is Present Maximum Number of Page Loads Time Interval (in seconds) Lockout Time (in seconds) Action to Take URL for Redirect Custom Message'),
(5362, 'admin_system', 'localization_settings', '0', 'can_access_sys_prefs', 'Site Timezone Default Date Formatting Default Time Formatting Include Seconds in the Default Time Format'),
(5359, 'admin_system', 'database_settings', '0', 'can_access_sys_prefs', 'Enable Database Debugging Persistent Database Connection'),
(5360, 'admin_system', 'security_session_preferences', '0', 'can_access_sys_prefs', 'cookie cookies Control Panel Session Type Website Session Type Deny Duplicate Data? Apply Rank Denial to User-submitted Links? Allow members to change their username? Allow multiple log-ins from a single account? Require IP Address and User Agent for Login? Require IP Address and User Agent for posting? Apply XSS Filtering to uploaded files? Enable Password Lockout? Time Interval for Lockout Require Secure Passwords? Allow Dictionary Words as Passwords? Name of Dictionary File Minimum Username Length Minimum Password Length'),
(5358, 'admin_system', 'output_debugging_preferences', '0', 'can_access_sys_prefs', 'Generate HTTP Page Headers? Enable GZIP Output? Force URL query strings Redirection Method Debug Preference Display Output Profiler? Display Template Debugging?'),
(5357, 'admin_system', 'general_configuration', '0', 'can_access_sys_prefs', 'Is system on? License Number Name of your site Name of your site''s index page URL to the root directory of your site URL to your "themes" folder Theme Folder Path Default Control Panel Theme Default Language Default XML Language Caching Driver Maximum Number of Cachable URIs New Version Auto Check URL to Documentation Directory');

-- --------------------------------------------------------

--
-- Table structure for table `exp_developer_log`
--

CREATE TABLE IF NOT EXISTS `exp_developer_log` (
  `log_id` int(10) unsigned NOT NULL AUTO_INCREMENT,
  `timestamp` int(10) unsigned NOT NULL,
  `viewed` char(1) NOT NULL DEFAULT 'n',
  `description` text,
  `function` varchar(100) DEFAULT NULL,
  `line` int(10) unsigned DEFAULT NULL,
  `file` varchar(255) DEFAULT NULL,
  `deprecated_since` varchar(10) DEFAULT NULL,
  `use_instead` varchar(100) DEFAULT NULL,
  `template_id` int(10) unsigned NOT NULL DEFAULT '0',
  `template_name` varchar(100) DEFAULT NULL,
  `template_group` varchar(100) DEFAULT NULL,
  `addon_module` varchar(100) DEFAULT NULL,
  `addon_method` varchar(100) DEFAULT NULL,
  `snippets` text,
  `hash` char(32) NOT NULL,
  PRIMARY KEY (`log_id`)
) ENGINE=MyISAM DEFAULT CHARSET=utf8 AUTO_INCREMENT=1 ;

-- --------------------------------------------------------

--
-- Table structure for table `exp_email_cache`
--

CREATE TABLE IF NOT EXISTS `exp_email_cache` (
  `cache_id` int(6) unsigned NOT NULL AUTO_INCREMENT,
  `cache_date` int(10) unsigned NOT NULL DEFAULT '0',
  `total_sent` int(6) unsigned NOT NULL,
  `from_name` varchar(70) NOT NULL,
  `from_email` varchar(75) NOT NULL,
  `recipient` text NOT NULL,
  `cc` text NOT NULL,
  `bcc` text NOT NULL,
  `recipient_array` mediumtext NOT NULL,
  `subject` varchar(120) NOT NULL,
  `message` mediumtext NOT NULL,
  `plaintext_alt` mediumtext NOT NULL,
  `mailinglist` char(1) NOT NULL DEFAULT 'n',
  `mailtype` varchar(6) NOT NULL,
  `text_fmt` varchar(40) NOT NULL,
  `wordwrap` char(1) NOT NULL DEFAULT 'y',
  `priority` char(1) NOT NULL DEFAULT '3',
  PRIMARY KEY (`cache_id`)
) ENGINE=MyISAM DEFAULT CHARSET=utf8 AUTO_INCREMENT=1 ;

-- --------------------------------------------------------

--
-- Table structure for table `exp_email_cache_mg`
--

CREATE TABLE IF NOT EXISTS `exp_email_cache_mg` (
  `cache_id` int(6) unsigned NOT NULL,
  `group_id` smallint(4) NOT NULL,
  PRIMARY KEY (`cache_id`,`group_id`)
) ENGINE=MyISAM DEFAULT CHARSET=utf8;

-- --------------------------------------------------------

--
-- Table structure for table `exp_email_cache_ml`
--

CREATE TABLE IF NOT EXISTS `exp_email_cache_ml` (
  `cache_id` int(6) unsigned NOT NULL,
  `list_id` smallint(4) NOT NULL,
  PRIMARY KEY (`cache_id`,`list_id`)
) ENGINE=MyISAM DEFAULT CHARSET=utf8;

-- --------------------------------------------------------

--
-- Table structure for table `exp_email_console_cache`
--

CREATE TABLE IF NOT EXISTS `exp_email_console_cache` (
  `cache_id` int(6) unsigned NOT NULL AUTO_INCREMENT,
  `cache_date` int(10) unsigned NOT NULL DEFAULT '0',
  `member_id` int(10) unsigned NOT NULL,
  `member_name` varchar(50) NOT NULL,
  `ip_address` varchar(45) NOT NULL DEFAULT '0',
  `recipient` varchar(75) NOT NULL,
  `recipient_name` varchar(50) NOT NULL,
  `subject` varchar(120) NOT NULL,
  `message` mediumtext NOT NULL,
  PRIMARY KEY (`cache_id`)
) ENGINE=MyISAM DEFAULT CHARSET=utf8 AUTO_INCREMENT=1 ;

-- --------------------------------------------------------

--
-- Table structure for table `exp_entry_versioning`
--

CREATE TABLE IF NOT EXISTS `exp_entry_versioning` (
  `version_id` int(10) unsigned NOT NULL AUTO_INCREMENT,
  `entry_id` int(10) unsigned NOT NULL,
  `channel_id` int(4) unsigned NOT NULL,
  `author_id` int(10) unsigned NOT NULL,
  `version_date` int(10) NOT NULL,
  `version_data` mediumtext NOT NULL,
  PRIMARY KEY (`version_id`),
  KEY `entry_id` (`entry_id`)
) ENGINE=MyISAM DEFAULT CHARSET=utf8 AUTO_INCREMENT=1 ;

-- --------------------------------------------------------

--
-- Table structure for table `exp_extensions`
--

CREATE TABLE IF NOT EXISTS `exp_extensions` (
  `extension_id` int(10) unsigned NOT NULL AUTO_INCREMENT,
  `class` varchar(50) NOT NULL DEFAULT '',
  `method` varchar(50) NOT NULL DEFAULT '',
  `hook` varchar(50) NOT NULL DEFAULT '',
  `settings` text NOT NULL,
  `priority` int(2) NOT NULL DEFAULT '10',
  `version` varchar(10) NOT NULL DEFAULT '',
  `enabled` char(1) NOT NULL DEFAULT 'y',
  PRIMARY KEY (`extension_id`)
) ENGINE=MyISAM  DEFAULT CHARSET=utf8 AUTO_INCREMENT=3 ;

--
-- Dumping data for table `exp_extensions`
--

INSERT INTO `exp_extensions` (`extension_id`, `class`, `method`, `hook`, `settings`, `priority`, `version`, `enabled`) VALUES
(1, 'Rte_ext', 'myaccount_nav_setup', 'myaccount_nav_setup', '', 10, '1.0.1', 'y'),
(2, 'Rte_ext', 'cp_menu_array', 'cp_menu_array', '', 10, '1.0.1', 'y');

-- --------------------------------------------------------

--
-- Table structure for table `exp_fieldtypes`
--

CREATE TABLE IF NOT EXISTS `exp_fieldtypes` (
  `fieldtype_id` int(4) unsigned NOT NULL AUTO_INCREMENT,
  `name` varchar(50) NOT NULL,
  `version` varchar(12) NOT NULL,
  `settings` text,
  `has_global_settings` char(1) DEFAULT 'n',
  PRIMARY KEY (`fieldtype_id`)
) ENGINE=MyISAM  DEFAULT CHARSET=utf8 AUTO_INCREMENT=12 ;

--
-- Dumping data for table `exp_fieldtypes`
--

INSERT INTO `exp_fieldtypes` (`fieldtype_id`, `name`, `version`, `settings`, `has_global_settings`) VALUES
(1, 'select', '1.0', 'YTowOnt9', 'n'),
(2, 'text', '1.0', 'YTowOnt9', 'n'),
(3, 'textarea', '1.0', 'YTowOnt9', 'n'),
(4, 'date', '1.0', 'YTowOnt9', 'n'),
(5, 'file', '1.0', 'YTowOnt9', 'n'),
(6, 'grid', '1.0', 'YTowOnt9', 'n'),
(7, 'multi_select', '1.0', 'YTowOnt9', 'n'),
(8, 'checkboxes', '1.0', 'YTowOnt9', 'n'),
(9, 'radio', '1.0', 'YTowOnt9', 'n'),
(10, 'relationship', '1.0', 'YTowOnt9', 'n'),
(11, 'rte', '1.0', 'YTowOnt9', 'n');

-- --------------------------------------------------------

--
-- Table structure for table `exp_field_formatting`
--

CREATE TABLE IF NOT EXISTS `exp_field_formatting` (
  `formatting_id` int(10) unsigned NOT NULL AUTO_INCREMENT,
  `field_id` int(10) unsigned NOT NULL,
  `field_fmt` varchar(40) NOT NULL,
  PRIMARY KEY (`formatting_id`)
) ENGINE=MyISAM  DEFAULT CHARSET=utf8 AUTO_INCREMENT=29 ;

--
-- Dumping data for table `exp_field_formatting`
--

INSERT INTO `exp_field_formatting` (`formatting_id`, `field_id`, `field_fmt`) VALUES
(1, 1, 'none'),
(2, 1, 'br'),
(3, 1, 'markdown'),
(4, 1, 'xhtml'),
(5, 2, 'none'),
(6, 2, 'br'),
(7, 2, 'markdown'),
(8, 2, 'xhtml'),
(13, 4, 'none'),
(14, 4, 'br'),
(15, 4, 'markdown'),
(16, 4, 'xhtml'),
(17, 5, 'none'),
(18, 5, 'br'),
(19, 5, 'markdown'),
(20, 5, 'xhtml'),
(21, 6, 'none'),
(22, 6, 'br'),
(23, 6, 'markdown'),
(24, 6, 'xhtml');

-- --------------------------------------------------------

--
-- Table structure for table `exp_field_groups`
--

CREATE TABLE IF NOT EXISTS `exp_field_groups` (
  `group_id` int(4) unsigned NOT NULL AUTO_INCREMENT,
  `site_id` int(4) unsigned NOT NULL DEFAULT '1',
  `group_name` varchar(50) NOT NULL,
  PRIMARY KEY (`group_id`),
  KEY `site_id` (`site_id`)
) ENGINE=MyISAM  DEFAULT CHARSET=utf8 AUTO_INCREMENT=4 ;

--
-- Dumping data for table `exp_field_groups`
--

INSERT INTO `exp_field_groups` (`group_id`, `site_id`, `group_name`) VALUES
(1, 1, 'News Fields'),
(2, 1, 'Portfolio'),
(3, 1, 'Expression Engine');

-- --------------------------------------------------------

--
-- Table structure for table `exp_files`
--

CREATE TABLE IF NOT EXISTS `exp_files` (
  `file_id` int(10) unsigned NOT NULL AUTO_INCREMENT,
  `site_id` int(4) unsigned DEFAULT '1',
  `title` varchar(255) DEFAULT NULL,
  `upload_location_id` int(4) unsigned DEFAULT '0',
  `rel_path` varchar(255) DEFAULT NULL,
  `mime_type` varchar(255) DEFAULT NULL,
  `file_name` varchar(255) DEFAULT NULL,
  `file_size` int(10) DEFAULT '0',
  `description` text,
  `credit` varchar(255) DEFAULT NULL,
  `location` varchar(255) DEFAULT NULL,
  `uploaded_by_member_id` int(10) unsigned DEFAULT '0',
  `upload_date` int(10) DEFAULT NULL,
  `modified_by_member_id` int(10) unsigned DEFAULT '0',
  `modified_date` int(10) DEFAULT NULL,
  `file_hw_original` varchar(20) NOT NULL DEFAULT '',
  PRIMARY KEY (`file_id`),
  KEY `upload_location_id` (`upload_location_id`),
  KEY `site_id` (`site_id`)
) ENGINE=MyISAM  DEFAULT CHARSET=utf8 AUTO_INCREMENT=7 ;

--
-- Dumping data for table `exp_files`
--

INSERT INTO `exp_files` (`file_id`, `site_id`, `title`, `upload_location_id`, `rel_path`, `mime_type`, `file_name`, `file_size`, `description`, `credit`, `location`, `uploaded_by_member_id`, `upload_date`, `modified_by_member_id`, `modified_date`, `file_hw_original`) VALUES
(1, 1, 'profile.png', 1, '/var/www/ee/images/uploads/profile.png', 'image/png', 'profile.png', 12544, NULL, NULL, NULL, 1, 1404210054, 1, 1404210062, '225 300'),
(2, 1, 'profile_2.png', 1, '/var/www/ee/images/uploads/profile_2.png', 'image/png', 'profile_2.png', 12544, NULL, NULL, NULL, 1, 1404210080, 1, 1404210087, '225 300'),
(3, 1, 'placeholder.gif', 1, '/var/www/ee/images/uploads/placeholder_-_Copy_(2).gif', 'image/gif', 'placeholder_-_Copy_(2).gif', 27474, '', '', '', 1, 1404210108, 1, 1404210123, '300 400'),
(4, 1, 'slideshow.jpeg', 1, '/var/www/ee/images/uploads/slideshow.jpeg', 'image/jpeg', 'slideshow.jpeg', 1925, NULL, NULL, NULL, 1, 1404210135, 1, 1404210139, '159 318'),
(5, 1, 'placehold.jpeg', 1, '/var/www/ee/images/uploads/placehold.jpeg', 'image/jpeg', 'placehold.jpeg', 1925, NULL, NULL, NULL, 1, 1404311742, 1, 1404311750, '159 318'),
(6, 1, 'avatar.jpeg', 1, '/var/www/ee/images/uploads/avatar.jpeg', 'image/jpeg', 'avatar.jpeg', 2918, NULL, NULL, NULL, 1, 1404314313, 1, 1404314318, '204 204');

-- --------------------------------------------------------

--
-- Table structure for table `exp_file_categories`
--

CREATE TABLE IF NOT EXISTS `exp_file_categories` (
  `file_id` int(10) unsigned DEFAULT NULL,
  `cat_id` int(10) unsigned DEFAULT NULL,
  `sort` int(10) unsigned DEFAULT '0',
  `is_cover` char(1) DEFAULT 'n',
  KEY `file_id` (`file_id`),
  KEY `cat_id` (`cat_id`)
) ENGINE=MyISAM DEFAULT CHARSET=utf8;

-- --------------------------------------------------------

--
-- Table structure for table `exp_file_dimensions`
--

CREATE TABLE IF NOT EXISTS `exp_file_dimensions` (
  `id` int(10) unsigned NOT NULL AUTO_INCREMENT,
  `site_id` int(4) unsigned NOT NULL DEFAULT '1',
  `upload_location_id` int(4) unsigned DEFAULT NULL,
  `title` varchar(255) DEFAULT '',
  `short_name` varchar(255) DEFAULT '',
  `resize_type` varchar(50) DEFAULT '',
  `width` int(10) DEFAULT '0',
  `height` int(10) DEFAULT '0',
  `watermark_id` int(4) unsigned DEFAULT NULL,
  PRIMARY KEY (`id`),
  KEY `upload_location_id` (`upload_location_id`)
) ENGINE=MyISAM DEFAULT CHARSET=utf8 AUTO_INCREMENT=1 ;

-- --------------------------------------------------------

--
-- Table structure for table `exp_file_watermarks`
--

CREATE TABLE IF NOT EXISTS `exp_file_watermarks` (
  `wm_id` int(4) unsigned NOT NULL AUTO_INCREMENT,
  `wm_name` varchar(80) DEFAULT NULL,
  `wm_type` varchar(10) DEFAULT 'text',
  `wm_image_path` varchar(100) DEFAULT NULL,
  `wm_test_image_path` varchar(100) DEFAULT NULL,
  `wm_use_font` char(1) DEFAULT 'y',
  `wm_font` varchar(30) DEFAULT NULL,
  `wm_font_size` int(3) unsigned DEFAULT NULL,
  `wm_text` varchar(100) DEFAULT NULL,
  `wm_vrt_alignment` varchar(10) DEFAULT 'top',
  `wm_hor_alignment` varchar(10) DEFAULT 'left',
  `wm_padding` int(3) unsigned DEFAULT NULL,
  `wm_opacity` int(3) unsigned DEFAULT NULL,
  `wm_hor_offset` int(4) unsigned DEFAULT NULL,
  `wm_vrt_offset` int(4) unsigned DEFAULT NULL,
  `wm_x_transp` int(4) DEFAULT NULL,
  `wm_y_transp` int(4) DEFAULT NULL,
  `wm_font_color` varchar(7) DEFAULT NULL,
  `wm_use_drop_shadow` char(1) DEFAULT 'y',
  `wm_shadow_distance` int(3) unsigned DEFAULT NULL,
  `wm_shadow_color` varchar(7) DEFAULT NULL,
  PRIMARY KEY (`wm_id`)
) ENGINE=MyISAM DEFAULT CHARSET=utf8 AUTO_INCREMENT=1 ;

-- --------------------------------------------------------

--
-- Table structure for table `exp_global_variables`
--

CREATE TABLE IF NOT EXISTS `exp_global_variables` (
  `variable_id` int(6) unsigned NOT NULL AUTO_INCREMENT,
  `site_id` int(4) unsigned NOT NULL DEFAULT '1',
  `variable_name` varchar(50) NOT NULL,
  `variable_data` text NOT NULL,
  PRIMARY KEY (`variable_id`),
  KEY `variable_name` (`variable_name`),
  KEY `site_id` (`site_id`)
) ENGINE=MyISAM DEFAULT CHARSET=utf8 AUTO_INCREMENT=1 ;

-- --------------------------------------------------------

--
-- Table structure for table `exp_grid_columns`
--

CREATE TABLE IF NOT EXISTS `exp_grid_columns` (
  `col_id` int(10) unsigned NOT NULL AUTO_INCREMENT,
  `field_id` int(10) unsigned DEFAULT NULL,
  `content_type` varchar(50) DEFAULT NULL,
  `col_order` int(3) unsigned DEFAULT NULL,
  `col_type` varchar(50) DEFAULT NULL,
  `col_label` varchar(50) DEFAULT NULL,
  `col_name` varchar(32) DEFAULT NULL,
  `col_instructions` text,
  `col_required` char(1) DEFAULT NULL,
  `col_search` char(1) DEFAULT NULL,
  `col_width` int(3) unsigned DEFAULT NULL,
  `col_settings` text,
  PRIMARY KEY (`col_id`),
  KEY `field_id` (`field_id`)
) ENGINE=MyISAM DEFAULT CHARSET=utf8 AUTO_INCREMENT=1 ;

-- --------------------------------------------------------

--
-- Table structure for table `exp_html_buttons`
--

CREATE TABLE IF NOT EXISTS `exp_html_buttons` (
  `id` int(10) unsigned NOT NULL AUTO_INCREMENT,
  `site_id` int(4) unsigned NOT NULL DEFAULT '1',
  `member_id` int(10) NOT NULL DEFAULT '0',
  `tag_name` varchar(32) NOT NULL,
  `tag_open` varchar(120) NOT NULL,
  `tag_close` varchar(120) NOT NULL,
  `accesskey` varchar(32) NOT NULL,
  `tag_order` int(3) unsigned NOT NULL,
  `tag_row` char(1) NOT NULL DEFAULT '1',
  `classname` varchar(20) DEFAULT NULL,
  PRIMARY KEY (`id`),
  KEY `site_id` (`site_id`)
) ENGINE=MyISAM  DEFAULT CHARSET=utf8 AUTO_INCREMENT=6 ;

--
-- Dumping data for table `exp_html_buttons`
--

INSERT INTO `exp_html_buttons` (`id`, `site_id`, `member_id`, `tag_name`, `tag_open`, `tag_close`, `accesskey`, `tag_order`, `tag_row`, `classname`) VALUES
(1, 1, 0, 'b', '<strong>', '</strong>', 'b', 1, '1', 'btn_b'),
(2, 1, 0, 'i', '<em>', '</em>', 'i', 2, '1', 'btn_i'),
(3, 1, 0, 'blockquote', '<blockquote>', '</blockquote>', 'q', 3, '1', 'btn_blockquote'),
(4, 1, 0, 'a', '<a href="[![Link:!:http://]!]"(!( title="[![Title]!]")!)>', '</a>', 'a', 4, '1', 'btn_a'),
(5, 1, 0, 'img', '<img src="[![Link:!:http://]!]" alt="[![Alternative text]!]" />', '', '', 5, '1', 'btn_img');

-- --------------------------------------------------------

--
-- Table structure for table `exp_layout_publish`
--

CREATE TABLE IF NOT EXISTS `exp_layout_publish` (
  `layout_id` int(10) unsigned NOT NULL AUTO_INCREMENT,
  `site_id` int(4) unsigned NOT NULL DEFAULT '1',
  `member_group` int(4) unsigned NOT NULL DEFAULT '0',
  `channel_id` int(4) unsigned NOT NULL DEFAULT '0',
  `field_layout` text,
  PRIMARY KEY (`layout_id`),
  KEY `site_id` (`site_id`),
  KEY `member_group` (`member_group`),
  KEY `channel_id` (`channel_id`)
) ENGINE=MyISAM DEFAULT CHARSET=utf8 AUTO_INCREMENT=1 ;

-- --------------------------------------------------------

--
-- Table structure for table `exp_members`
--

CREATE TABLE IF NOT EXISTS `exp_members` (
  `member_id` int(10) unsigned NOT NULL AUTO_INCREMENT,
  `group_id` smallint(4) NOT NULL DEFAULT '0',
  `username` varchar(50) NOT NULL,
  `screen_name` varchar(50) NOT NULL,
  `password` varchar(128) NOT NULL,
  `salt` varchar(128) NOT NULL DEFAULT '',
  `unique_id` varchar(40) NOT NULL,
  `crypt_key` varchar(40) DEFAULT NULL,
  `authcode` varchar(10) DEFAULT NULL,
  `email` varchar(75) NOT NULL,
  `url` varchar(150) DEFAULT NULL,
  `location` varchar(50) DEFAULT NULL,
  `occupation` varchar(80) DEFAULT NULL,
  `interests` varchar(120) DEFAULT NULL,
  `bday_d` int(2) DEFAULT NULL,
  `bday_m` int(2) DEFAULT NULL,
  `bday_y` int(4) DEFAULT NULL,
  `aol_im` varchar(50) DEFAULT NULL,
  `yahoo_im` varchar(50) DEFAULT NULL,
  `msn_im` varchar(50) DEFAULT NULL,
  `icq` varchar(50) DEFAULT NULL,
  `bio` text,
  `signature` text,
  `avatar_filename` varchar(120) DEFAULT NULL,
  `avatar_width` int(4) unsigned DEFAULT NULL,
  `avatar_height` int(4) unsigned DEFAULT NULL,
  `photo_filename` varchar(120) DEFAULT NULL,
  `photo_width` int(4) unsigned DEFAULT NULL,
  `photo_height` int(4) unsigned DEFAULT NULL,
  `sig_img_filename` varchar(120) DEFAULT NULL,
  `sig_img_width` int(4) unsigned DEFAULT NULL,
  `sig_img_height` int(4) unsigned DEFAULT NULL,
  `ignore_list` text,
  `private_messages` int(4) unsigned NOT NULL DEFAULT '0',
  `accept_messages` char(1) NOT NULL DEFAULT 'y',
  `last_view_bulletins` int(10) NOT NULL DEFAULT '0',
  `last_bulletin_date` int(10) NOT NULL DEFAULT '0',
  `ip_address` varchar(45) NOT NULL DEFAULT '0',
  `join_date` int(10) unsigned NOT NULL DEFAULT '0',
  `last_visit` int(10) unsigned NOT NULL DEFAULT '0',
  `last_activity` int(10) unsigned NOT NULL DEFAULT '0',
  `total_entries` mediumint(8) unsigned NOT NULL DEFAULT '0',
  `total_comments` mediumint(8) unsigned NOT NULL DEFAULT '0',
  `total_forum_topics` mediumint(8) NOT NULL DEFAULT '0',
  `total_forum_posts` mediumint(8) NOT NULL DEFAULT '0',
  `last_entry_date` int(10) unsigned NOT NULL DEFAULT '0',
  `last_comment_date` int(10) unsigned NOT NULL DEFAULT '0',
  `last_forum_post_date` int(10) unsigned NOT NULL DEFAULT '0',
  `last_email_date` int(10) unsigned NOT NULL DEFAULT '0',
  `in_authorlist` char(1) NOT NULL DEFAULT 'n',
  `accept_admin_email` char(1) NOT NULL DEFAULT 'y',
  `accept_user_email` char(1) NOT NULL DEFAULT 'y',
  `notify_by_default` char(1) NOT NULL DEFAULT 'y',
  `notify_of_pm` char(1) NOT NULL DEFAULT 'y',
  `display_avatars` char(1) NOT NULL DEFAULT 'y',
  `display_signatures` char(1) NOT NULL DEFAULT 'y',
  `parse_smileys` char(1) NOT NULL DEFAULT 'y',
  `smart_notifications` char(1) NOT NULL DEFAULT 'y',
  `language` varchar(50) NOT NULL,
  `timezone` varchar(50) NOT NULL,
  `time_format` char(2) NOT NULL DEFAULT '12',
  `date_format` varchar(8) NOT NULL DEFAULT '%n/%j/%y',
  `include_seconds` char(1) NOT NULL DEFAULT 'n',
  `cp_theme` varchar(32) DEFAULT NULL,
  `profile_theme` varchar(32) DEFAULT NULL,
  `forum_theme` varchar(32) DEFAULT NULL,
  `tracker` text,
  `template_size` varchar(2) NOT NULL DEFAULT '28',
  `notepad` text,
  `notepad_size` varchar(2) NOT NULL DEFAULT '18',
  `quick_links` text,
  `quick_tabs` text,
  `show_sidebar` char(1) NOT NULL DEFAULT 'n',
  `pmember_id` int(10) NOT NULL DEFAULT '0',
  `rte_enabled` char(1) NOT NULL DEFAULT 'y',
  `rte_toolset_id` int(10) NOT NULL DEFAULT '0',
  PRIMARY KEY (`member_id`),
  KEY `group_id` (`group_id`),
  KEY `unique_id` (`unique_id`),
  KEY `password` (`password`)
) ENGINE=MyISAM  DEFAULT CHARSET=utf8 AUTO_INCREMENT=2 ;

--
-- Dumping data for table `exp_members`
--

INSERT INTO `exp_members` (`member_id`, `group_id`, `username`, `screen_name`, `password`, `salt`, `unique_id`, `crypt_key`, `authcode`, `email`, `url`, `location`, `occupation`, `interests`, `bday_d`, `bday_m`, `bday_y`, `aol_im`, `yahoo_im`, `msn_im`, `icq`, `bio`, `signature`, `avatar_filename`, `avatar_width`, `avatar_height`, `photo_filename`, `photo_width`, `photo_height`, `sig_img_filename`, `sig_img_width`, `sig_img_height`, `ignore_list`, `private_messages`, `accept_messages`, `last_view_bulletins`, `last_bulletin_date`, `ip_address`, `join_date`, `last_visit`, `last_activity`, `total_entries`, `total_comments`, `total_forum_topics`, `total_forum_posts`, `last_entry_date`, `last_comment_date`, `last_forum_post_date`, `last_email_date`, `in_authorlist`, `accept_admin_email`, `accept_user_email`, `notify_by_default`, `notify_of_pm`, `display_avatars`, `display_signatures`, `parse_smileys`, `smart_notifications`, `language`, `timezone`, `time_format`, `date_format`, `include_seconds`, `cp_theme`, `profile_theme`, `forum_theme`, `tracker`, `template_size`, `notepad`, `notepad_size`, `quick_links`, `quick_tabs`, `show_sidebar`, `pmember_id`, `rte_enabled`, `rte_toolset_id`) VALUES
(1, 1, 'admin', 'frank', '8f30588537a29702aaf6f1b3821c5da906453d618ba8f36d2c4b1ce198b85e04e54d911e62291f4305d778da5b8bc685c2a349be94cb9d8baa5073f564f0f340', 'Ulo-[<7}4>Es5[*~5wjgve+0J38iUsj+:f$B1l?8r.*8j!t''x,08yMk.N7aFI-63=K$NC%0y(.KosF@bl"G4("9*Fp0CJ$<H`swb/M91;zp.r(I.8gTFzQzOdg`0[=-u', 'fbb53b91a0f19be2c2aa9c958a445abc5551f72b', 'c1be0b37210a6d6b5b1dd0d14e8a31089b7ce952', NULL, 'frank@webtogether.ie', 'http://webtogether.ie', 'dublin', 'web developer', 'web design and web development', NULL, NULL, NULL, '', '', '', '', 'Wannabe pop culture fanatic. Proud beer expert. General zombie enthusiast. Tv lover. Food nerd. Reader. Hipster-friendly webaholic. Twitter fanatic.', NULL, NULL, NULL, NULL, NULL, NULL, NULL, NULL, NULL, NULL, NULL, 0, 'y', 0, 0, '127.0.0.1', 1404122028, 1404574891, 1404739614, 9, 0, 0, 0, 1404316444, 0, 0, 0, 'n', 'y', 'y', 'y', 'y', 'y', 'y', 'y', 'y', 'english', 'Europe/Dublin', '24', '%j-%n-%y', 'n', NULL, NULL, NULL, NULL, '28', 'how to add publish post to my news section', '18', '', 'Edit|C=content_edit|1', 'n', 0, 'y', 0);

-- --------------------------------------------------------

--
-- Table structure for table `exp_member_bulletin_board`
--

CREATE TABLE IF NOT EXISTS `exp_member_bulletin_board` (
  `bulletin_id` int(10) unsigned NOT NULL AUTO_INCREMENT,
  `sender_id` int(10) unsigned NOT NULL,
  `bulletin_group` int(8) unsigned NOT NULL,
  `bulletin_date` int(10) unsigned NOT NULL,
  `hash` varchar(10) NOT NULL DEFAULT '',
  `bulletin_expires` int(10) unsigned NOT NULL DEFAULT '0',
  `bulletin_message` text NOT NULL,
  PRIMARY KEY (`bulletin_id`),
  KEY `sender_id` (`sender_id`),
  KEY `hash` (`hash`)
) ENGINE=MyISAM DEFAULT CHARSET=utf8 AUTO_INCREMENT=1 ;

-- --------------------------------------------------------

--
-- Table structure for table `exp_member_data`
--

CREATE TABLE IF NOT EXISTS `exp_member_data` (
  `member_id` int(10) unsigned NOT NULL,
  PRIMARY KEY (`member_id`)
) ENGINE=MyISAM DEFAULT CHARSET=utf8;

--
-- Dumping data for table `exp_member_data`
--

INSERT INTO `exp_member_data` (`member_id`) VALUES
(1);

-- --------------------------------------------------------

--
-- Table structure for table `exp_member_fields`
--

CREATE TABLE IF NOT EXISTS `exp_member_fields` (
  `m_field_id` int(4) unsigned NOT NULL AUTO_INCREMENT,
  `m_field_name` varchar(32) NOT NULL,
  `m_field_label` varchar(50) NOT NULL,
  `m_field_description` text NOT NULL,
  `m_field_type` varchar(12) NOT NULL DEFAULT 'text',
  `m_field_list_items` text NOT NULL,
  `m_field_ta_rows` tinyint(2) DEFAULT '8',
  `m_field_maxl` smallint(3) NOT NULL,
  `m_field_width` varchar(6) NOT NULL,
  `m_field_search` char(1) NOT NULL DEFAULT 'y',
  `m_field_required` char(1) NOT NULL DEFAULT 'n',
  `m_field_public` char(1) NOT NULL DEFAULT 'y',
  `m_field_reg` char(1) NOT NULL DEFAULT 'n',
  `m_field_cp_reg` char(1) NOT NULL DEFAULT 'n',
  `m_field_fmt` char(5) NOT NULL DEFAULT 'none',
  `m_field_order` int(3) unsigned NOT NULL,
  PRIMARY KEY (`m_field_id`)
) ENGINE=MyISAM DEFAULT CHARSET=utf8 AUTO_INCREMENT=1 ;

-- --------------------------------------------------------

--
-- Table structure for table `exp_member_groups`
--

CREATE TABLE IF NOT EXISTS `exp_member_groups` (
  `group_id` smallint(4) unsigned NOT NULL,
  `site_id` int(4) unsigned NOT NULL DEFAULT '1',
  `group_title` varchar(100) NOT NULL,
  `group_description` text NOT NULL,
  `is_locked` char(1) NOT NULL DEFAULT 'y',
  `can_view_offline_system` char(1) NOT NULL DEFAULT 'n',
  `can_view_online_system` char(1) NOT NULL DEFAULT 'y',
  `can_access_cp` char(1) NOT NULL DEFAULT 'y',
  `can_access_content` char(1) NOT NULL DEFAULT 'n',
  `can_access_publish` char(1) NOT NULL DEFAULT 'n',
  `can_access_edit` char(1) NOT NULL DEFAULT 'n',
  `can_access_files` char(1) NOT NULL DEFAULT 'n',
  `can_access_fieldtypes` char(1) NOT NULL DEFAULT 'n',
  `can_access_design` char(1) NOT NULL DEFAULT 'n',
  `can_access_addons` char(1) NOT NULL DEFAULT 'n',
  `can_access_modules` char(1) NOT NULL DEFAULT 'n',
  `can_access_extensions` char(1) NOT NULL DEFAULT 'n',
  `can_access_accessories` char(1) NOT NULL DEFAULT 'n',
  `can_access_plugins` char(1) NOT NULL DEFAULT 'n',
  `can_access_members` char(1) NOT NULL DEFAULT 'n',
  `can_access_admin` char(1) NOT NULL DEFAULT 'n',
  `can_access_sys_prefs` char(1) NOT NULL DEFAULT 'n',
  `can_access_content_prefs` char(1) NOT NULL DEFAULT 'n',
  `can_access_tools` char(1) NOT NULL DEFAULT 'n',
  `can_access_comm` char(1) NOT NULL DEFAULT 'n',
  `can_access_utilities` char(1) NOT NULL DEFAULT 'n',
  `can_access_data` char(1) NOT NULL DEFAULT 'n',
  `can_access_logs` char(1) NOT NULL DEFAULT 'n',
  `can_admin_channels` char(1) NOT NULL DEFAULT 'n',
  `can_admin_upload_prefs` char(1) NOT NULL DEFAULT 'n',
  `can_admin_design` char(1) NOT NULL DEFAULT 'n',
  `can_admin_members` char(1) NOT NULL DEFAULT 'n',
  `can_delete_members` char(1) NOT NULL DEFAULT 'n',
  `can_admin_mbr_groups` char(1) NOT NULL DEFAULT 'n',
  `can_admin_mbr_templates` char(1) NOT NULL DEFAULT 'n',
  `can_ban_users` char(1) NOT NULL DEFAULT 'n',
  `can_admin_modules` char(1) NOT NULL DEFAULT 'n',
  `can_admin_templates` char(1) NOT NULL DEFAULT 'n',
  `can_edit_categories` char(1) NOT NULL DEFAULT 'n',
  `can_delete_categories` char(1) NOT NULL DEFAULT 'n',
  `can_view_other_entries` char(1) NOT NULL DEFAULT 'n',
  `can_edit_other_entries` char(1) NOT NULL DEFAULT 'n',
  `can_assign_post_authors` char(1) NOT NULL DEFAULT 'n',
  `can_delete_self_entries` char(1) NOT NULL DEFAULT 'n',
  `can_delete_all_entries` char(1) NOT NULL DEFAULT 'n',
  `can_view_other_comments` char(1) NOT NULL DEFAULT 'n',
  `can_edit_own_comments` char(1) NOT NULL DEFAULT 'n',
  `can_delete_own_comments` char(1) NOT NULL DEFAULT 'n',
  `can_edit_all_comments` char(1) NOT NULL DEFAULT 'n',
  `can_delete_all_comments` char(1) NOT NULL DEFAULT 'n',
  `can_moderate_comments` char(1) NOT NULL DEFAULT 'n',
  `can_send_email` char(1) NOT NULL DEFAULT 'n',
  `can_send_cached_email` char(1) NOT NULL DEFAULT 'n',
  `can_email_member_groups` char(1) NOT NULL DEFAULT 'n',
  `can_email_mailinglist` char(1) NOT NULL DEFAULT 'n',
  `can_email_from_profile` char(1) NOT NULL DEFAULT 'n',
  `can_view_profiles` char(1) NOT NULL DEFAULT 'n',
  `can_edit_html_buttons` char(1) NOT NULL DEFAULT 'n',
  `can_delete_self` char(1) NOT NULL DEFAULT 'n',
  `mbr_delete_notify_emails` varchar(255) DEFAULT NULL,
  `can_post_comments` char(1) NOT NULL DEFAULT 'n',
  `exclude_from_moderation` char(1) NOT NULL DEFAULT 'n',
  `can_search` char(1) NOT NULL DEFAULT 'n',
  `search_flood_control` mediumint(5) unsigned NOT NULL,
  `can_send_private_messages` char(1) NOT NULL DEFAULT 'n',
  `prv_msg_send_limit` smallint(5) unsigned NOT NULL DEFAULT '20',
  `prv_msg_storage_limit` smallint(5) unsigned NOT NULL DEFAULT '60',
  `can_attach_in_private_messages` char(1) NOT NULL DEFAULT 'n',
  `can_send_bulletins` char(1) NOT NULL DEFAULT 'n',
  `include_in_authorlist` char(1) NOT NULL DEFAULT 'n',
  `include_in_memberlist` char(1) NOT NULL DEFAULT 'y',
  `include_in_mailinglists` char(1) NOT NULL DEFAULT 'y',
  PRIMARY KEY (`group_id`,`site_id`)
) ENGINE=MyISAM DEFAULT CHARSET=utf8;

--
-- Dumping data for table `exp_member_groups`
--

INSERT INTO `exp_member_groups` (`group_id`, `site_id`, `group_title`, `group_description`, `is_locked`, `can_view_offline_system`, `can_view_online_system`, `can_access_cp`, `can_access_content`, `can_access_publish`, `can_access_edit`, `can_access_files`, `can_access_fieldtypes`, `can_access_design`, `can_access_addons`, `can_access_modules`, `can_access_extensions`, `can_access_accessories`, `can_access_plugins`, `can_access_members`, `can_access_admin`, `can_access_sys_prefs`, `can_access_content_prefs`, `can_access_tools`, `can_access_comm`, `can_access_utilities`, `can_access_data`, `can_access_logs`, `can_admin_channels`, `can_admin_upload_prefs`, `can_admin_design`, `can_admin_members`, `can_delete_members`, `can_admin_mbr_groups`, `can_admin_mbr_templates`, `can_ban_users`, `can_admin_modules`, `can_admin_templates`, `can_edit_categories`, `can_delete_categories`, `can_view_other_entries`, `can_edit_other_entries`, `can_assign_post_authors`, `can_delete_self_entries`, `can_delete_all_entries`, `can_view_other_comments`, `can_edit_own_comments`, `can_delete_own_comments`, `can_edit_all_comments`, `can_delete_all_comments`, `can_moderate_comments`, `can_send_email`, `can_send_cached_email`, `can_email_member_groups`, `can_email_mailinglist`, `can_email_from_profile`, `can_view_profiles`, `can_edit_html_buttons`, `can_delete_self`, `mbr_delete_notify_emails`, `can_post_comments`, `exclude_from_moderation`, `can_search`, `search_flood_control`, `can_send_private_messages`, `prv_msg_send_limit`, `prv_msg_storage_limit`, `can_attach_in_private_messages`, `can_send_bulletins`, `include_in_authorlist`, `include_in_memberlist`, `include_in_mailinglists`) VALUES
(1, 1, 'Super Admins', '', 'y', 'y', 'y', 'y', 'y', 'y', 'y', 'y', 'y', 'y', 'y', 'y', 'y', 'y', 'y', 'y', 'y', 'y', 'y', 'y', 'y', 'y', 'y', 'y', 'y', 'y', 'y', 'y', 'y', 'y', 'y', 'y', 'y', 'y', 'y', 'y', 'y', 'y', 'y', 'y', 'y', 'y', 'y', 'y', 'y', 'y', 'y', 'y', 'y', 'y', 'y', 'y', 'y', 'y', 'y', '', 'y', 'y', 'y', 0, 'y', 20, 60, 'y', 'y', 'y', 'y', 'y'),
(2, 1, 'Banned', '', 'y', 'n', 'n', 'n', 'n', 'n', 'n', 'n', 'n', 'n', 'n', 'n', 'n', 'n', 'n', 'n', 'n', 'n', 'n', 'n', 'n', 'n', 'n', 'n', 'n', 'n', 'n', 'n', 'n', 'n', 'n', 'n', 'n', 'n', 'n', 'n', 'n', 'n', 'n', 'n', 'n', 'n', 'n', 'n', 'n', 'n', 'n', 'n', 'n', 'n', 'n', 'n', 'n', 'n', 'n', '', 'n', 'n', 'n', 60, 'n', 20, 60, 'n', 'n', 'n', 'n', 'n'),
(3, 1, 'Guests', '', 'y', 'n', 'y', 'n', 'n', 'n', 'n', 'n', 'n', 'n', 'n', 'n', 'n', 'n', 'n', 'n', 'n', 'n', 'n', 'n', 'n', 'n', 'n', 'n', 'n', 'n', 'n', 'n', 'n', 'n', 'n', 'n', 'n', 'n', 'n', 'n', 'n', 'n', 'n', 'n', 'n', 'n', 'n', 'n', 'n', 'n', 'n', 'n', 'n', 'n', 'y', 'n', 'n', 'n', 'n', '', 'y', 'n', 'y', 15, 'n', 20, 60, 'n', 'n', 'n', 'n', 'n'),
(4, 1, 'Pending', '', 'y', 'n', 'y', 'n', 'n', 'n', 'n', 'n', 'n', 'n', 'n', 'n', 'n', 'n', 'n', 'n', 'n', 'n', 'n', 'n', 'n', 'n', 'n', 'n', 'n', 'n', 'n', 'n', 'n', 'n', 'n', 'n', 'n', 'n', 'n', 'n', 'n', 'n', 'n', 'n', 'n', 'n', 'n', 'n', 'n', 'n', 'n', 'n', 'n', 'n', 'y', 'n', 'n', 'n', 'n', '', 'y', 'n', 'y', 15, 'n', 20, 60, 'n', 'n', 'n', 'n', 'n'),
(5, 1, 'Members', '', 'y', 'n', 'y', 'n', 'n', 'n', 'n', 'n', 'n', 'n', 'n', 'n', 'n', 'n', 'n', 'n', 'n', 'n', 'n', 'n', 'n', 'n', 'n', 'n', 'n', 'n', 'n', 'n', 'n', 'n', 'n', 'n', 'n', 'n', 'n', 'n', 'n', 'n', 'n', 'n', 'n', 'n', 'n', 'n', 'n', 'n', 'n', 'n', 'n', 'n', 'n', 'y', 'y', 'y', 'n', '', 'y', 'n', 'y', 10, 'y', 20, 60, 'y', 'n', 'n', 'y', 'y');

-- --------------------------------------------------------

--
-- Table structure for table `exp_member_homepage`
--

CREATE TABLE IF NOT EXISTS `exp_member_homepage` (
  `member_id` int(10) unsigned NOT NULL,
  `recent_entries` char(1) NOT NULL DEFAULT 'l',
  `recent_entries_order` int(3) unsigned NOT NULL DEFAULT '0',
  `recent_comments` char(1) NOT NULL DEFAULT 'l',
  `recent_comments_order` int(3) unsigned NOT NULL DEFAULT '0',
  `recent_members` char(1) NOT NULL DEFAULT 'n',
  `recent_members_order` int(3) unsigned NOT NULL DEFAULT '0',
  `site_statistics` char(1) NOT NULL DEFAULT 'r',
  `site_statistics_order` int(3) unsigned NOT NULL DEFAULT '0',
  `member_search_form` char(1) NOT NULL DEFAULT 'n',
  `member_search_form_order` int(3) unsigned NOT NULL DEFAULT '0',
  `notepad` char(1) NOT NULL DEFAULT 'r',
  `notepad_order` int(3) unsigned NOT NULL DEFAULT '0',
  `bulletin_board` char(1) NOT NULL DEFAULT 'r',
  `bulletin_board_order` int(3) unsigned NOT NULL DEFAULT '0',
  `pmachine_news_feed` char(1) NOT NULL DEFAULT 'n',
  `pmachine_news_feed_order` int(3) unsigned NOT NULL DEFAULT '0',
  PRIMARY KEY (`member_id`)
) ENGINE=MyISAM DEFAULT CHARSET=utf8;

--
-- Dumping data for table `exp_member_homepage`
--

INSERT INTO `exp_member_homepage` (`member_id`, `recent_entries`, `recent_entries_order`, `recent_comments`, `recent_comments_order`, `recent_members`, `recent_members_order`, `site_statistics`, `site_statistics_order`, `member_search_form`, `member_search_form_order`, `notepad`, `notepad_order`, `bulletin_board`, `bulletin_board_order`, `pmachine_news_feed`, `pmachine_news_feed_order`) VALUES
(1, 'l', 1, 'l', 2, 'n', 0, 'r', 1, 'n', 0, 'r', 2, 'r', 0, 'l', 0);

-- --------------------------------------------------------

--
-- Table structure for table `exp_member_search`
--

CREATE TABLE IF NOT EXISTS `exp_member_search` (
  `search_id` varchar(32) NOT NULL,
  `site_id` int(4) unsigned NOT NULL DEFAULT '1',
  `search_date` int(10) unsigned NOT NULL,
  `keywords` varchar(200) NOT NULL,
  `fields` varchar(200) NOT NULL,
  `member_id` int(10) unsigned NOT NULL,
  `ip_address` varchar(45) NOT NULL DEFAULT '0',
  `total_results` int(8) unsigned NOT NULL,
  `query` text NOT NULL,
  PRIMARY KEY (`search_id`),
  KEY `member_id` (`member_id`),
  KEY `site_id` (`site_id`)
) ENGINE=MyISAM DEFAULT CHARSET=utf8;

-- --------------------------------------------------------

--
-- Table structure for table `exp_message_attachments`
--

CREATE TABLE IF NOT EXISTS `exp_message_attachments` (
  `attachment_id` int(10) unsigned NOT NULL AUTO_INCREMENT,
  `sender_id` int(10) unsigned NOT NULL DEFAULT '0',
  `message_id` int(10) unsigned NOT NULL DEFAULT '0',
  `attachment_name` varchar(50) NOT NULL DEFAULT '',
  `attachment_hash` varchar(40) NOT NULL DEFAULT '',
  `attachment_extension` varchar(20) NOT NULL DEFAULT '',
  `attachment_location` varchar(150) NOT NULL DEFAULT '',
  `attachment_date` int(10) unsigned NOT NULL DEFAULT '0',
  `attachment_size` int(10) unsigned NOT NULL DEFAULT '0',
  `is_temp` char(1) NOT NULL DEFAULT 'y',
  PRIMARY KEY (`attachment_id`)
) ENGINE=MyISAM DEFAULT CHARSET=utf8 AUTO_INCREMENT=1 ;

-- --------------------------------------------------------

--
-- Table structure for table `exp_message_copies`
--

CREATE TABLE IF NOT EXISTS `exp_message_copies` (
  `copy_id` int(10) unsigned NOT NULL AUTO_INCREMENT,
  `message_id` int(10) unsigned NOT NULL DEFAULT '0',
  `sender_id` int(10) unsigned NOT NULL DEFAULT '0',
  `recipient_id` int(10) unsigned NOT NULL DEFAULT '0',
  `message_received` char(1) NOT NULL DEFAULT 'n',
  `message_read` char(1) NOT NULL DEFAULT 'n',
  `message_time_read` int(10) unsigned NOT NULL DEFAULT '0',
  `attachment_downloaded` char(1) NOT NULL DEFAULT 'n',
  `message_folder` int(10) unsigned NOT NULL DEFAULT '1',
  `message_authcode` varchar(10) NOT NULL DEFAULT '',
  `message_deleted` char(1) NOT NULL DEFAULT 'n',
  `message_status` varchar(10) NOT NULL DEFAULT '',
  PRIMARY KEY (`copy_id`),
  KEY `message_id` (`message_id`),
  KEY `recipient_id` (`recipient_id`),
  KEY `sender_id` (`sender_id`)
) ENGINE=MyISAM DEFAULT CHARSET=utf8 AUTO_INCREMENT=1 ;

-- --------------------------------------------------------

--
-- Table structure for table `exp_message_data`
--

CREATE TABLE IF NOT EXISTS `exp_message_data` (
  `message_id` int(10) unsigned NOT NULL AUTO_INCREMENT,
  `sender_id` int(10) unsigned NOT NULL DEFAULT '0',
  `message_date` int(10) unsigned NOT NULL DEFAULT '0',
  `message_subject` varchar(255) NOT NULL DEFAULT '',
  `message_body` text NOT NULL,
  `message_tracking` char(1) NOT NULL DEFAULT 'y',
  `message_attachments` char(1) NOT NULL DEFAULT 'n',
  `message_recipients` varchar(200) NOT NULL DEFAULT '',
  `message_cc` varchar(200) NOT NULL DEFAULT '',
  `message_hide_cc` char(1) NOT NULL DEFAULT 'n',
  `message_sent_copy` char(1) NOT NULL DEFAULT 'n',
  `total_recipients` int(5) unsigned NOT NULL DEFAULT '0',
  `message_status` varchar(25) NOT NULL DEFAULT '',
  PRIMARY KEY (`message_id`),
  KEY `sender_id` (`sender_id`)
) ENGINE=MyISAM DEFAULT CHARSET=utf8 AUTO_INCREMENT=1 ;

-- --------------------------------------------------------

--
-- Table structure for table `exp_message_folders`
--

CREATE TABLE IF NOT EXISTS `exp_message_folders` (
  `member_id` int(10) unsigned NOT NULL DEFAULT '0',
  `folder1_name` varchar(50) NOT NULL DEFAULT 'InBox',
  `folder2_name` varchar(50) NOT NULL DEFAULT 'Sent',
  `folder3_name` varchar(50) NOT NULL DEFAULT '',
  `folder4_name` varchar(50) NOT NULL DEFAULT '',
  `folder5_name` varchar(50) NOT NULL DEFAULT '',
  `folder6_name` varchar(50) NOT NULL DEFAULT '',
  `folder7_name` varchar(50) NOT NULL DEFAULT '',
  `folder8_name` varchar(50) NOT NULL DEFAULT '',
  `folder9_name` varchar(50) NOT NULL DEFAULT '',
  `folder10_name` varchar(50) NOT NULL DEFAULT '',
  PRIMARY KEY (`member_id`)
) ENGINE=MyISAM DEFAULT CHARSET=utf8;

--
-- Dumping data for table `exp_message_folders`
--

INSERT INTO `exp_message_folders` (`member_id`, `folder1_name`, `folder2_name`, `folder3_name`, `folder4_name`, `folder5_name`, `folder6_name`, `folder7_name`, `folder8_name`, `folder9_name`, `folder10_name`) VALUES
(1, 'InBox', 'Sent', '', '', '', '', '', '', '', '');

-- --------------------------------------------------------

--
-- Table structure for table `exp_message_listed`
--

CREATE TABLE IF NOT EXISTS `exp_message_listed` (
  `listed_id` int(10) unsigned NOT NULL AUTO_INCREMENT,
  `member_id` int(10) unsigned NOT NULL DEFAULT '0',
  `listed_member` int(10) unsigned NOT NULL DEFAULT '0',
  `listed_description` varchar(100) NOT NULL DEFAULT '',
  `listed_type` varchar(10) NOT NULL DEFAULT 'blocked',
  PRIMARY KEY (`listed_id`)
) ENGINE=MyISAM DEFAULT CHARSET=utf8 AUTO_INCREMENT=1 ;

-- --------------------------------------------------------

--
-- Table structure for table `exp_modules`
--

CREATE TABLE IF NOT EXISTS `exp_modules` (
  `module_id` int(4) unsigned NOT NULL AUTO_INCREMENT,
  `module_name` varchar(50) NOT NULL,
  `module_version` varchar(12) NOT NULL,
  `has_cp_backend` char(1) NOT NULL DEFAULT 'n',
  `has_publish_fields` char(1) NOT NULL DEFAULT 'n',
  PRIMARY KEY (`module_id`)
) ENGINE=MyISAM  DEFAULT CHARSET=utf8 AUTO_INCREMENT=9 ;

--
-- Dumping data for table `exp_modules`
--

INSERT INTO `exp_modules` (`module_id`, `module_name`, `module_version`, `has_cp_backend`, `has_publish_fields`) VALUES
(1, 'Comment', '2.3.2', 'y', 'n'),
(2, 'Emoticon', '2.0', 'n', 'n'),
(3, 'Jquery', '1.0', 'n', 'n'),
(4, 'Rss', '2.0', 'n', 'n'),
(5, 'Search', '2.2.2', 'n', 'n'),
(6, 'Channel', '2.0.1', 'n', 'n'),
(7, 'Stats', '2.0', 'n', 'n'),
(8, 'Rte', '1.0.1', 'y', 'n');

-- --------------------------------------------------------

--
-- Table structure for table `exp_module_member_groups`
--

CREATE TABLE IF NOT EXISTS `exp_module_member_groups` (
  `group_id` smallint(4) unsigned NOT NULL,
  `module_id` mediumint(5) unsigned NOT NULL,
  PRIMARY KEY (`group_id`,`module_id`)
) ENGINE=MyISAM DEFAULT CHARSET=utf8;

-- --------------------------------------------------------

--
-- Table structure for table `exp_online_users`
--

CREATE TABLE IF NOT EXISTS `exp_online_users` (
  `online_id` int(10) unsigned NOT NULL AUTO_INCREMENT,
  `site_id` int(4) unsigned NOT NULL DEFAULT '1',
  `member_id` int(10) NOT NULL DEFAULT '0',
  `in_forum` char(1) NOT NULL DEFAULT 'n',
  `name` varchar(50) NOT NULL DEFAULT '0',
  `ip_address` varchar(45) NOT NULL DEFAULT '0',
  `date` int(10) unsigned NOT NULL DEFAULT '0',
  `anon` char(1) NOT NULL,
  PRIMARY KEY (`online_id`),
  KEY `date` (`date`),
  KEY `site_id` (`site_id`)
) ENGINE=MyISAM  DEFAULT CHARSET=utf8 AUTO_INCREMENT=66 ;

--
-- Dumping data for table `exp_online_users`
--

INSERT INTO `exp_online_users` (`online_id`, `site_id`, `member_id`, `in_forum`, `name`, `ip_address`, `date`, `anon`) VALUES
(65, 1, 1, 'n', 'frank', '127.0.0.1', 1404739638, ''),
(61, 1, 1, 'n', 'frank', '127.0.0.1', 1404739638, ''),
(60, 1, 1, 'n', 'frank', '127.0.0.1', 1404739638, ''),
(64, 1, 1, 'n', 'frank', '127.0.0.1', 1404739638, ''),
(63, 1, 1, 'n', 'frank', '127.0.0.1', 1404739638, ''),
(62, 1, 1, 'n', 'frank', '127.0.0.1', 1404739638, '');

-- --------------------------------------------------------

--
-- Table structure for table `exp_password_lockout`
--

CREATE TABLE IF NOT EXISTS `exp_password_lockout` (
  `lockout_id` int(10) unsigned NOT NULL AUTO_INCREMENT,
  `login_date` int(10) unsigned NOT NULL,
  `ip_address` varchar(45) NOT NULL DEFAULT '0',
  `user_agent` varchar(120) NOT NULL,
  `username` varchar(50) NOT NULL,
  PRIMARY KEY (`lockout_id`),
  KEY `login_date` (`login_date`),
  KEY `ip_address` (`ip_address`),
  KEY `user_agent` (`user_agent`)
) ENGINE=MyISAM DEFAULT CHARSET=utf8 AUTO_INCREMENT=1 ;

-- --------------------------------------------------------

--
-- Table structure for table `exp_relationships`
--

CREATE TABLE IF NOT EXISTS `exp_relationships` (
  `relationship_id` int(6) unsigned NOT NULL AUTO_INCREMENT,
  `parent_id` int(10) unsigned NOT NULL DEFAULT '0',
  `child_id` int(10) unsigned NOT NULL DEFAULT '0',
  `field_id` int(10) unsigned NOT NULL DEFAULT '0',
  `grid_field_id` int(10) unsigned NOT NULL DEFAULT '0',
  `grid_col_id` int(10) unsigned NOT NULL DEFAULT '0',
  `grid_row_id` int(10) unsigned NOT NULL DEFAULT '0',
  `order` int(10) unsigned NOT NULL DEFAULT '0',
  PRIMARY KEY (`relationship_id`),
  KEY `parent_id` (`parent_id`),
  KEY `child_id` (`child_id`),
  KEY `field_id` (`field_id`),
  KEY `grid_row_id` (`grid_row_id`)
) ENGINE=MyISAM DEFAULT CHARSET=utf8 AUTO_INCREMENT=1 ;

-- --------------------------------------------------------

--
-- Table structure for table `exp_remember_me`
--

CREATE TABLE IF NOT EXISTS `exp_remember_me` (
  `remember_me_id` varchar(40) NOT NULL DEFAULT '0',
  `member_id` int(10) DEFAULT '0',
  `ip_address` varchar(45) DEFAULT '0',
  `user_agent` varchar(120) DEFAULT '',
  `admin_sess` tinyint(1) DEFAULT '0',
  `site_id` int(4) DEFAULT '1',
  `expiration` int(10) DEFAULT '0',
  `last_refresh` int(10) DEFAULT '0',
  PRIMARY KEY (`remember_me_id`),
  KEY `member_id` (`member_id`)
) ENGINE=MyISAM DEFAULT CHARSET=utf8;

-- --------------------------------------------------------

--
-- Table structure for table `exp_reset_password`
--

CREATE TABLE IF NOT EXISTS `exp_reset_password` (
  `reset_id` int(10) unsigned NOT NULL AUTO_INCREMENT,
  `member_id` int(10) unsigned NOT NULL,
  `resetcode` varchar(12) NOT NULL,
  `date` int(10) NOT NULL,
  PRIMARY KEY (`reset_id`)
) ENGINE=MyISAM DEFAULT CHARSET=utf8 AUTO_INCREMENT=1 ;

-- --------------------------------------------------------

--
-- Table structure for table `exp_revision_tracker`
--

CREATE TABLE IF NOT EXISTS `exp_revision_tracker` (
  `tracker_id` int(10) unsigned NOT NULL AUTO_INCREMENT,
  `item_id` int(10) unsigned NOT NULL,
  `item_table` varchar(20) NOT NULL,
  `item_field` varchar(20) NOT NULL,
  `item_date` int(10) NOT NULL,
  `item_author_id` int(10) unsigned NOT NULL,
  `item_data` mediumtext NOT NULL,
  PRIMARY KEY (`tracker_id`),
  KEY `item_id` (`item_id`)
) ENGINE=MyISAM  DEFAULT CHARSET=utf8 AUTO_INCREMENT=5 ;

--
-- Dumping data for table `exp_revision_tracker`
--

INSERT INTO `exp_revision_tracker` (`tracker_id`, `item_id`, `item_table`, `item_field`, `item_date`, `item_author_id`, `item_data`) VALUES
(1, 22, 'exp_templates', 'template_data', 1404568322, 1, '{snippet_calendar}'),
(2, 24, 'exp_templates', 'template_data', 1404569671, 1, '{embed="embeds/.header"}\n<div class="row">\n{embed="embeds/.sidebar"}\n  <div class="small-10 medium-10 large-10 columns">\n  	\n    {layout:contents}\n  </div>\n\n</div>\n{embed="embeds/.footer"}'),
(3, 25, 'exp_templates', 'template_data', 1404569744, 1, '{embed="embeds/.header"}\n<div class="row">\n{embed="embeds/.sidebar"}\n  <div class="small-10 medium-10 large-10 columns">\n  	\n    {layout:contents}\n  </div>\n{embed="embeds/.sidebar"}\n</div>\n{embed="embeds/.footer"}'),
(4, 25, 'exp_templates', 'template_data', 1404569939, 1, '{embed="embeds/.header"}\n<div class="row">\n{embed="embeds/.sidebar"}\n  <div class="small-10 medium-10 large-10 columns">\n  	\n    {layout:contents}\n  </div>\n{embed="embeds/.sidebar"}\n</div>\n{embed="embeds/.footer"}');

-- --------------------------------------------------------

--
-- Table structure for table `exp_rte_tools`
--

CREATE TABLE IF NOT EXISTS `exp_rte_tools` (
  `tool_id` int(10) unsigned NOT NULL AUTO_INCREMENT,
  `name` varchar(75) DEFAULT NULL,
  `class` varchar(75) DEFAULT NULL,
  `enabled` char(1) DEFAULT 'y',
  PRIMARY KEY (`tool_id`),
  KEY `enabled` (`enabled`)
) ENGINE=MyISAM  DEFAULT CHARSET=utf8 AUTO_INCREMENT=11 ;

--
-- Dumping data for table `exp_rte_tools`
--

INSERT INTO `exp_rte_tools` (`tool_id`, `name`, `class`, `enabled`) VALUES
(1, 'Blockquote', 'Blockquote_rte', 'y'),
(2, 'Bold', 'Bold_rte', 'y'),
(3, 'Headings', 'Headings_rte', 'y'),
(4, 'Image', 'Image_rte', 'y'),
(5, 'Italic', 'Italic_rte', 'y'),
(6, 'Link', 'Link_rte', 'y'),
(7, 'Ordered List', 'Ordered_list_rte', 'y'),
(8, 'Underline', 'Underline_rte', 'y'),
(9, 'Unordered List', 'Unordered_list_rte', 'y'),
(10, 'View Source', 'View_source_rte', 'y');

-- --------------------------------------------------------

--
-- Table structure for table `exp_rte_toolsets`
--

CREATE TABLE IF NOT EXISTS `exp_rte_toolsets` (
  `toolset_id` int(10) unsigned NOT NULL AUTO_INCREMENT,
  `member_id` int(10) DEFAULT '0',
  `name` varchar(100) DEFAULT NULL,
  `tools` text,
  `enabled` char(1) DEFAULT 'y',
  PRIMARY KEY (`toolset_id`),
  KEY `member_id` (`member_id`),
  KEY `enabled` (`enabled`)
) ENGINE=MyISAM  DEFAULT CHARSET=utf8 AUTO_INCREMENT=2 ;

--
-- Dumping data for table `exp_rte_toolsets`
--

INSERT INTO `exp_rte_toolsets` (`toolset_id`, `member_id`, `name`, `tools`, `enabled`) VALUES
(1, 0, 'Default', '3|2|5|1|9|7|6|4|10', 'y');

-- --------------------------------------------------------

--
-- Table structure for table `exp_search`
--

CREATE TABLE IF NOT EXISTS `exp_search` (
  `search_id` varchar(32) NOT NULL,
  `site_id` int(4) NOT NULL DEFAULT '1',
  `search_date` int(10) NOT NULL,
  `keywords` varchar(60) NOT NULL,
  `member_id` int(10) unsigned NOT NULL,
  `ip_address` varchar(45) NOT NULL,
  `total_results` int(6) NOT NULL,
  `per_page` tinyint(3) unsigned NOT NULL,
  `query` mediumtext,
  `custom_fields` mediumtext,
  `result_page` varchar(70) NOT NULL,
  PRIMARY KEY (`search_id`),
  KEY `site_id` (`site_id`)
) ENGINE=MyISAM DEFAULT CHARSET=utf8;

-- --------------------------------------------------------

--
-- Table structure for table `exp_search_log`
--

CREATE TABLE IF NOT EXISTS `exp_search_log` (
  `id` int(10) NOT NULL AUTO_INCREMENT,
  `site_id` int(4) unsigned NOT NULL DEFAULT '1',
  `member_id` int(10) unsigned NOT NULL,
  `screen_name` varchar(50) NOT NULL,
  `ip_address` varchar(45) NOT NULL DEFAULT '0',
  `search_date` int(10) NOT NULL,
  `search_type` varchar(32) NOT NULL,
  `search_terms` varchar(200) NOT NULL,
  PRIMARY KEY (`id`),
  KEY `site_id` (`site_id`)
) ENGINE=MyISAM  DEFAULT CHARSET=utf8 AUTO_INCREMENT=2 ;

--
-- Dumping data for table `exp_search_log`
--

INSERT INTO `exp_search_log` (`id`, `site_id`, `member_id`, `screen_name`, `ip_address`, `search_date`, `search_type`, `search_terms`) VALUES
(1, 1, 1, 'frank', '127.0.0.1', 1404145315, 'site', 'dvsdfasfa');

-- --------------------------------------------------------

--
-- Table structure for table `exp_security_hashes`
--

CREATE TABLE IF NOT EXISTS `exp_security_hashes` (
  `hash_id` int(10) unsigned NOT NULL AUTO_INCREMENT,
  `date` int(10) unsigned NOT NULL,
  `session_id` varchar(40) NOT NULL DEFAULT '0',
  `hash` varchar(40) NOT NULL,
  PRIMARY KEY (`hash_id`),
  KEY `session_id` (`session_id`)
) ENGINE=MyISAM  DEFAULT CHARSET=utf8 AUTO_INCREMENT=33 ;

--
-- Dumping data for table `exp_security_hashes`
--

INSERT INTO `exp_security_hashes` (`hash_id`, `date`, `session_id`, `hash`) VALUES
(31, 1404720449, 'c03651a4aac56359d214939d7fc66899386f88a4', '7fd1c0dd1267fa9db4afd3c52bd75da60acc9d95'),
(32, 1404732441, 'a63fba9c10a0799dbebd0420df7b5c1fccfa9aab', '067cbb0f82051343c92d55de7989f92fee5bd335');

-- --------------------------------------------------------

--
-- Table structure for table `exp_sessions`
--

CREATE TABLE IF NOT EXISTS `exp_sessions` (
  `session_id` varchar(40) NOT NULL DEFAULT '0',
  `member_id` int(10) NOT NULL DEFAULT '0',
  `admin_sess` tinyint(1) NOT NULL DEFAULT '0',
  `ip_address` varchar(45) NOT NULL DEFAULT '0',
  `user_agent` varchar(120) NOT NULL,
  `fingerprint` varchar(40) NOT NULL,
  `sess_start` int(10) unsigned NOT NULL DEFAULT '0',
  `last_activity` int(10) unsigned NOT NULL DEFAULT '0',
  PRIMARY KEY (`session_id`),
  KEY `member_id` (`member_id`),
  KEY `last_activity_idx` (`last_activity`)
) ENGINE=MyISAM DEFAULT CHARSET=utf8;

--
-- Dumping data for table `exp_sessions`
--

INSERT INTO `exp_sessions` (`session_id`, `member_id`, `admin_sess`, `ip_address`, `user_agent`, `fingerprint`, `sess_start`, `last_activity`) VALUES
('a63fba9c10a0799dbebd0420df7b5c1fccfa9aab', 1, 1, '127.0.0.1', 'Mozilla/5.0 (X11; Ubuntu; Linux i686; rv:30.0) Gecko/20100101 Firefox/30.0', 'afe87303898a16abd6e7e0821ad140d4', 1404732441, 1404739638);

-- --------------------------------------------------------

--
-- Table structure for table `exp_sites`
--

CREATE TABLE IF NOT EXISTS `exp_sites` (
  `site_id` int(5) unsigned NOT NULL AUTO_INCREMENT,
  `site_label` varchar(100) NOT NULL DEFAULT '',
  `site_name` varchar(50) NOT NULL DEFAULT '',
  `site_description` text,
  `site_system_preferences` mediumtext NOT NULL,
  `site_mailinglist_preferences` text NOT NULL,
  `site_member_preferences` text NOT NULL,
  `site_template_preferences` text NOT NULL,
  `site_channel_preferences` text NOT NULL,
  `site_bootstrap_checksums` text NOT NULL,
  PRIMARY KEY (`site_id`),
  KEY `site_name` (`site_name`)
) ENGINE=MyISAM  DEFAULT CHARSET=utf8 AUTO_INCREMENT=2 ;

--
-- Dumping data for table `exp_sites`
--

INSERT INTO `exp_sites` (`site_id`, `site_label`, `site_name`, `site_description`, `site_system_preferences`, `site_mailinglist_preferences`, `site_member_preferences`, `site_template_preferences`, `site_channel_preferences`, `site_bootstrap_checksums`) VALUES
(1, 'webtogether', 'default_site', NULL, 'YTo4OTp7czoxMDoic2l0ZV9pbmRleCI7czo5OiJpbmRleC5waHAiO3M6ODoic2l0ZV91cmwiO3M6MTQ6Imh0dHA6Ly9lZS5kZXYvIjtzOjE2OiJ0aGVtZV9mb2xkZXJfdXJsIjtzOjIxOiJodHRwOi8vZWUuZGV2L3RoZW1lcy8iO3M6MTU6IndlYm1hc3Rlcl9lbWFpbCI7czoyMDoiZnJhbmtAd2VidG9nZXRoZXIuaWUiO3M6MTQ6IndlYm1hc3Rlcl9uYW1lIjtzOjA6IiI7czoyMDoiY2hhbm5lbF9ub21lbmNsYXR1cmUiO3M6NzoiY2hhbm5lbCI7czoxMDoibWF4X2NhY2hlcyI7czozOiIxNTAiO3M6MTE6ImNhcHRjaGFfdXJsIjtzOjMwOiJodHRwOi8vZWUuZGV2L2ltYWdlcy9jYXB0Y2hhcy8iO3M6MTI6ImNhcHRjaGFfcGF0aCI7czoyODoiL3Zhci93d3cvZWUvaW1hZ2VzL2NhcHRjaGFzLyI7czoxMjoiY2FwdGNoYV9mb250IjtzOjE6InkiO3M6MTI6ImNhcHRjaGFfcmFuZCI7czoxOiJ5IjtzOjIzOiJjYXB0Y2hhX3JlcXVpcmVfbWVtYmVycyI7czoxOiJuIjtzOjE3OiJlbmFibGVfZGJfY2FjaGluZyI7czoxOiJuIjtzOjE4OiJlbmFibGVfc3FsX2NhY2hpbmciO3M6MToibiI7czoxODoiZm9yY2VfcXVlcnlfc3RyaW5nIjtzOjE6Im4iO3M6MTM6InNob3dfcHJvZmlsZXIiO3M6MToibiI7czoxODoidGVtcGxhdGVfZGVidWdnaW5nIjtzOjE6Im4iO3M6MTU6ImluY2x1ZGVfc2Vjb25kcyI7czoxOiJuIjtzOjEzOiJjb29raWVfZG9tYWluIjtzOjA6IiI7czoxMToiY29va2llX3BhdGgiO3M6MDoiIjtzOjIwOiJ3ZWJzaXRlX3Nlc3Npb25fdHlwZSI7czoxOiJjIjtzOjE1OiJjcF9zZXNzaW9uX3R5cGUiO3M6MjoiY3MiO3M6MjE6ImFsbG93X3VzZXJuYW1lX2NoYW5nZSI7czoxOiJ5IjtzOjE4OiJhbGxvd19tdWx0aV9sb2dpbnMiO3M6MToieSI7czoxNjoicGFzc3dvcmRfbG9ja291dCI7czoxOiJ5IjtzOjI1OiJwYXNzd29yZF9sb2Nrb3V0X2ludGVydmFsIjtzOjE6IjEiO3M6MjA6InJlcXVpcmVfaXBfZm9yX2xvZ2luIjtzOjE6InkiO3M6MjI6InJlcXVpcmVfaXBfZm9yX3Bvc3RpbmciO3M6MToieSI7czoyNDoicmVxdWlyZV9zZWN1cmVfcGFzc3dvcmRzIjtzOjE6Im4iO3M6MTk6ImFsbG93X2RpY3Rpb25hcnlfcHciO3M6MToieSI7czoyMzoibmFtZV9vZl9kaWN0aW9uYXJ5X2ZpbGUiO3M6MDoiIjtzOjE3OiJ4c3NfY2xlYW5fdXBsb2FkcyI7czoxOiJuIjtzOjE1OiJyZWRpcmVjdF9tZXRob2QiO3M6ODoicmVkaXJlY3QiO3M6OToiZGVmdF9sYW5nIjtzOjc6ImVuZ2xpc2giO3M6ODoieG1sX2xhbmciO3M6MjoiZW4iO3M6MTI6InNlbmRfaGVhZGVycyI7czoxOiJ5IjtzOjExOiJnemlwX291dHB1dCI7czoxOiJuIjtzOjEzOiJsb2dfcmVmZXJyZXJzIjtzOjE6Im4iO3M6MTM6Im1heF9yZWZlcnJlcnMiO3M6MzoiNTAwIjtzOjExOiJkYXRlX2Zvcm1hdCI7czo4OiIlbi8lai8leSI7czoxMToidGltZV9mb3JtYXQiO3M6MjoiMTIiO3M6MTM6InNlcnZlcl9vZmZzZXQiO3M6MDoiIjtzOjIxOiJkZWZhdWx0X3NpdGVfdGltZXpvbmUiO3M6MTM6IkV1cm9wZS9EdWJsaW4iO3M6MTM6Im1haWxfcHJvdG9jb2wiO3M6NDoibWFpbCI7czoxMToic210cF9zZXJ2ZXIiO3M6MDoiIjtzOjEzOiJzbXRwX3VzZXJuYW1lIjtzOjA6IiI7czoxMzoic210cF9wYXNzd29yZCI7czowOiIiO3M6MTE6ImVtYWlsX2RlYnVnIjtzOjE6Im4iO3M6MTM6ImVtYWlsX2NoYXJzZXQiO3M6NToidXRmLTgiO3M6MTU6ImVtYWlsX2JhdGNobW9kZSI7czoxOiJuIjtzOjE2OiJlbWFpbF9iYXRjaF9zaXplIjtzOjA6IiI7czoxMToibWFpbF9mb3JtYXQiO3M6NToicGxhaW4iO3M6OToid29yZF93cmFwIjtzOjE6InkiO3M6MjI6ImVtYWlsX2NvbnNvbGVfdGltZWxvY2siO3M6MToiNSI7czoyMjoibG9nX2VtYWlsX2NvbnNvbGVfbXNncyI7czoxOiJ5IjtzOjg6ImNwX3RoZW1lIjtzOjc6ImRlZmF1bHQiO3M6MjE6ImVtYWlsX21vZHVsZV9jYXB0Y2hhcyI7czoxOiJuIjtzOjE2OiJsb2dfc2VhcmNoX3Rlcm1zIjtzOjE6InkiO3M6MTk6ImRlbnlfZHVwbGljYXRlX2RhdGEiO3M6MToieSI7czoyNDoicmVkaXJlY3Rfc3VibWl0dGVkX2xpbmtzIjtzOjE6Im4iO3M6MTY6ImVuYWJsZV9jZW5zb3JpbmciO3M6MToibiI7czoxNDoiY2Vuc29yZWRfd29yZHMiO3M6MDoiIjtzOjE4OiJjZW5zb3JfcmVwbGFjZW1lbnQiO3M6MDoiIjtzOjEwOiJiYW5uZWRfaXBzIjtzOjA6IiI7czoxMzoiYmFubmVkX2VtYWlscyI7czowOiIiO3M6MTY6ImJhbm5lZF91c2VybmFtZXMiO3M6MDoiIjtzOjE5OiJiYW5uZWRfc2NyZWVuX25hbWVzIjtzOjA6IiI7czoxMDoiYmFuX2FjdGlvbiI7czo4OiJyZXN0cmljdCI7czoxMToiYmFuX21lc3NhZ2UiO3M6MzQ6IlRoaXMgc2l0ZSBpcyBjdXJyZW50bHkgdW5hdmFpbGFibGUiO3M6MTU6ImJhbl9kZXN0aW5hdGlvbiI7czoyMToiaHR0cDovL3d3dy55YWhvby5jb20vIjtzOjE2OiJlbmFibGVfZW1vdGljb25zIjtzOjE6InkiO3M6MTI6ImVtb3RpY29uX3VybCI7czoyOToiaHR0cDovL2VlLmRldi9pbWFnZXMvc21pbGV5cy8iO3M6MTk6InJlY291bnRfYmF0Y2hfdG90YWwiO3M6NDoiMTAwMCI7czoxNzoibmV3X3ZlcnNpb25fY2hlY2siO3M6MToieSI7czoxNzoiZW5hYmxlX3Rocm90dGxpbmciO3M6MToibiI7czoxNzoiYmFuaXNoX21hc2tlZF9pcHMiO3M6MToieSI7czoxNDoibWF4X3BhZ2VfbG9hZHMiO3M6MjoiMTAiO3M6MTM6InRpbWVfaW50ZXJ2YWwiO3M6MToiOCI7czoxMjoibG9ja291dF90aW1lIjtzOjI6IjMwIjtzOjE1OiJiYW5pc2htZW50X3R5cGUiO3M6NzoibWVzc2FnZSI7czoxNDoiYmFuaXNobWVudF91cmwiO3M6MDoiIjtzOjE4OiJiYW5pc2htZW50X21lc3NhZ2UiO3M6NTA6IllvdSBoYXZlIGV4Y2VlZGVkIHRoZSBhbGxvd2VkIHBhZ2UgbG9hZCBmcmVxdWVuY3kuIjtzOjE3OiJlbmFibGVfc2VhcmNoX2xvZyI7czoxOiJ5IjtzOjE5OiJtYXhfbG9nZ2VkX3NlYXJjaGVzIjtzOjM6IjUwMCI7czoxNzoidGhlbWVfZm9sZGVyX3BhdGgiO3M6MTk6Ii92YXIvd3d3L2VlL3RoZW1lcy8iO3M6MTA6ImlzX3NpdGVfb24iO3M6MToieSI7czoxMToicnRlX2VuYWJsZWQiO3M6MToieSI7czoyMjoicnRlX2RlZmF1bHRfdG9vbHNldF9pZCI7czoxOiIxIjtzOjEyOiJjYWNoZV9kcml2ZXIiO3M6NDoiZmlsZSI7fQ==', 'YTozOntzOjE5OiJtYWlsaW5nbGlzdF9lbmFibGVkIjtzOjE6InkiO3M6MTg6Im1haWxpbmdsaXN0X25vdGlmeSI7czoxOiJuIjtzOjI1OiJtYWlsaW5nbGlzdF9ub3RpZnlfZW1haWxzIjtzOjA6IiI7fQ==', 'YTo0NDp7czoxMDoidW5fbWluX2xlbiI7czoxOiI0IjtzOjEwOiJwd19taW5fbGVuIjtzOjE6IjUiO3M6MjU6ImFsbG93X21lbWJlcl9yZWdpc3RyYXRpb24iO3M6MToibiI7czoyNToiYWxsb3dfbWVtYmVyX2xvY2FsaXphdGlvbiI7czoxOiJ5IjtzOjE4OiJyZXFfbWJyX2FjdGl2YXRpb24iO3M6NToiZW1haWwiO3M6MjM6Im5ld19tZW1iZXJfbm90aWZpY2F0aW9uIjtzOjE6Im4iO3M6MjM6Im1icl9ub3RpZmljYXRpb25fZW1haWxzIjtzOjA6IiI7czoyNDoicmVxdWlyZV90ZXJtc19vZl9zZXJ2aWNlIjtzOjE6InkiO3M6MjI6InVzZV9tZW1iZXJzaGlwX2NhcHRjaGEiO3M6MToibiI7czoyMDoiZGVmYXVsdF9tZW1iZXJfZ3JvdXAiO3M6MToiNSI7czoxNToicHJvZmlsZV90cmlnZ2VyIjtzOjY6Im1lbWJlciI7czoxMjoibWVtYmVyX3RoZW1lIjtzOjc6ImRlZmF1bHQiO3M6MTQ6ImVuYWJsZV9hdmF0YXJzIjtzOjE6InkiO3M6MjA6ImFsbG93X2F2YXRhcl91cGxvYWRzIjtzOjE6Im4iO3M6MTA6ImF2YXRhcl91cmwiO3M6Mjk6Imh0dHA6Ly9lZS5kZXYvaW1hZ2VzL2F2YXRhcnMvIjtzOjExOiJhdmF0YXJfcGF0aCI7czoyNzoiL3Zhci93d3cvZWUvaW1hZ2VzL2F2YXRhcnMvIjtzOjE2OiJhdmF0YXJfbWF4X3dpZHRoIjtzOjM6IjEwMCI7czoxNzoiYXZhdGFyX21heF9oZWlnaHQiO3M6MzoiMTAwIjtzOjEzOiJhdmF0YXJfbWF4X2tiIjtzOjI6IjUwIjtzOjEzOiJlbmFibGVfcGhvdG9zIjtzOjE6Im4iO3M6OToicGhvdG9fdXJsIjtzOjM1OiJodHRwOi8vZWUuZGV2L2ltYWdlcy9tZW1iZXJfcGhvdG9zLyI7czoxMDoicGhvdG9fcGF0aCI7czozMzoiL3Zhci93d3cvZWUvaW1hZ2VzL21lbWJlcl9waG90b3MvIjtzOjE1OiJwaG90b19tYXhfd2lkdGgiO3M6MzoiMTAwIjtzOjE2OiJwaG90b19tYXhfaGVpZ2h0IjtzOjM6IjEwMCI7czoxMjoicGhvdG9fbWF4X2tiIjtzOjI6IjUwIjtzOjE2OiJhbGxvd19zaWduYXR1cmVzIjtzOjE6InkiO3M6MTM6InNpZ19tYXhsZW5ndGgiO3M6MzoiNTAwIjtzOjIxOiJzaWdfYWxsb3dfaW1nX2hvdGxpbmsiO3M6MToibiI7czoyMDoic2lnX2FsbG93X2ltZ191cGxvYWQiO3M6MToibiI7czoxMToic2lnX2ltZ191cmwiO3M6NDM6Imh0dHA6Ly9lZS5kZXYvaW1hZ2VzL3NpZ25hdHVyZV9hdHRhY2htZW50cy8iO3M6MTI6InNpZ19pbWdfcGF0aCI7czo0MToiL3Zhci93d3cvZWUvaW1hZ2VzL3NpZ25hdHVyZV9hdHRhY2htZW50cy8iO3M6MTc6InNpZ19pbWdfbWF4X3dpZHRoIjtzOjM6IjQ4MCI7czoxODoic2lnX2ltZ19tYXhfaGVpZ2h0IjtzOjI6IjgwIjtzOjE0OiJzaWdfaW1nX21heF9rYiI7czoyOiIzMCI7czoxOToicHJ2X21zZ191cGxvYWRfcGF0aCI7czozNDoiL3Zhci93d3cvZWUvaW1hZ2VzL3BtX2F0dGFjaG1lbnRzLyI7czoyMzoicHJ2X21zZ19tYXhfYXR0YWNobWVudHMiO3M6MToiMyI7czoyMjoicHJ2X21zZ19hdHRhY2hfbWF4c2l6ZSI7czozOiIyNTAiO3M6MjA6InBydl9tc2dfYXR0YWNoX3RvdGFsIjtzOjM6IjEwMCI7czoxOToicHJ2X21zZ19odG1sX2Zvcm1hdCI7czo0OiJzYWZlIjtzOjE4OiJwcnZfbXNnX2F1dG9fbGlua3MiO3M6MToieSI7czoxNzoicHJ2X21zZ19tYXhfY2hhcnMiO3M6NDoiNjAwMCI7czoxOToibWVtYmVybGlzdF9vcmRlcl9ieSI7czoxMToidG90YWxfcG9zdHMiO3M6MjE6Im1lbWJlcmxpc3Rfc29ydF9vcmRlciI7czo0OiJkZXNjIjtzOjIwOiJtZW1iZXJsaXN0X3Jvd19saW1pdCI7czoyOiIyMCI7fQ==', 'YTo3OntzOjIyOiJlbmFibGVfdGVtcGxhdGVfcm91dGVzIjtzOjE6Im4iO3M6MTE6InN0cmljdF91cmxzIjtzOjE6InkiO3M6ODoic2l0ZV80MDQiO3M6MDoiIjtzOjE5OiJzYXZlX3RtcGxfcmV2aXNpb25zIjtzOjE6InkiO3M6MTg6Im1heF90bXBsX3JldmlzaW9ucyI7czoxOiI1IjtzOjE1OiJzYXZlX3RtcGxfZmlsZXMiO3M6MToieSI7czoxODoidG1wbF9maWxlX2Jhc2VwYXRoIjtzOjQ1OiIvdmFyL3d3dy9lZS9zeXN0ZW0vZXhwcmVzc2lvbmVuZ2luZS90ZW1wbGF0ZXMiO30=', 'YTo5OntzOjIxOiJpbWFnZV9yZXNpemVfcHJvdG9jb2wiO3M6MzoiZ2QyIjtzOjE4OiJpbWFnZV9saWJyYXJ5X3BhdGgiO3M6MDoiIjtzOjE2OiJ0aHVtYm5haWxfcHJlZml4IjtzOjU6InRodW1iIjtzOjE0OiJ3b3JkX3NlcGFyYXRvciI7czo0OiJkYXNoIjtzOjE3OiJ1c2VfY2F0ZWdvcnlfbmFtZSI7czoxOiJuIjtzOjIyOiJyZXNlcnZlZF9jYXRlZ29yeV93b3JkIjtzOjg6ImNhdGVnb3J5IjtzOjIzOiJhdXRvX2NvbnZlcnRfaGlnaF9hc2NpaSI7czoxOiJuIjtzOjIyOiJuZXdfcG9zdHNfY2xlYXJfY2FjaGVzIjtzOjE6InkiO3M6MjM6ImF1dG9fYXNzaWduX2NhdF9wYXJlbnRzIjtzOjE6InkiO30=', 'YToyOntzOjIxOiIvdmFyL3d3dy9lZS9pbmRleC5waHAiO3M6MzI6IjM0ODQ2ZWMyNTU3NTBkNjkxNjk5ZDM3NWUxYWU5YWMzIjtzOjc6ImVtYWlsZWQiO2E6MDp7fX0=');

-- --------------------------------------------------------

--
-- Table structure for table `exp_snippets`
--

CREATE TABLE IF NOT EXISTS `exp_snippets` (
  `snippet_id` int(10) unsigned NOT NULL AUTO_INCREMENT,
  `site_id` int(4) NOT NULL,
  `snippet_name` varchar(75) NOT NULL,
  `snippet_contents` text,
  PRIMARY KEY (`snippet_id`),
  KEY `site_id` (`site_id`)
) ENGINE=MyISAM  DEFAULT CHARSET=utf8 AUTO_INCREMENT=16 ;

--
-- Dumping data for table `exp_snippets`
--

INSERT INTO `exp_snippets` (`snippet_id`, `site_id`, `snippet_name`, `snippet_contents`) VALUES
(1, 1, 'lorem', 'Lorem Ipsum is simply dummy text of the printing and typesetting industry. Lorem Ipsum has been the industry''s standard dummy text ever since the 1500s, when an unknown printer took a galley of type and scrambled it to make a type specimen book. It has survived not only five centuries, but also the leap into electronic typesetting, remaining essentially unchanged. It was popularised in the 1960s with the release of Letraset sheets containing Lorem Ipsum passages, and more recently with desktop publishing software like Aldus PageMaker including versions of Lorem Ipsum.'),
(2, 1, 'about', 'Wannabe pop culture fanatic. Proud beer expert. General zombie enthusiast. Tv lover. Food nerd. Reader. Hipster-friendly webaholic. Twitter fanatic.'),
(3, 1, 'accordion_snippet', '{exp:jquery:script_tag ui=''accordion''}\n<div id="accordion">\n<h3>Section 1</h3>\n<div>\n<p>\nMauris mauris ante, blandit et, ultrices a, suscipit eget, quam. Integer\nut neque. Vivamus nisi metus, molestie vel, gravida in, condimentum sit\namet, nunc. Nam a nibh. Donec suscipit eros. Nam mi. Proin viverra leo ut\nodio. Curabitur malesuada. Vestibulum a velit eu ante scelerisque vulputate.\n</p>\n</div>\n<h3>Section 2</h3>\n<div>\n<p>\nSed non urna. Donec et ante. Phasellus eu ligula. Vestibulum sit amet\npurus. Vivamus hendrerit, dolor at aliquet laoreet, mauris turpis porttitor\nvelit, faucibus interdum tellus libero ac justo. Vivamus non quam. In\nsuscipit faucibus urna.\n</p>\n</div>\n<h3>Section 3</h3>\n<div>\n<p>\nNam enim risus, molestie et, porta ac, aliquam ac, risus. Quisque lobortis.\nPhasellus pellentesque purus in massa. Aenean in pede. Phasellus ac libero\nac tellus pellentesque semper. Sed ac felis. Sed commodo, magna quis\nlacinia ornare, quam ante aliquam nisi, eu iaculis leo purus venenatis dui.\n</p>\n<ul>\n<li>List item one</li>\n<li>List item two</li>\n<li>List item three</li>\n</ul>\n</div>\n<h3>Section 4</h3>\n<div>\n<p>\nCras dictum. Pellentesque habitant morbi tristique senectus et netus\net malesuada fames ac turpis egestas. Vestibulum ante ipsum primis in\nfaucibus orci luctus et ultrices posuere cubilia Curae; Aenean lacinia\nmauris vel est.\n</p>\n<p>\nSuspendisse eu nisl. Nullam ut libero. Integer dignissim consequat lectus.\nClass aptent taciti sociosqu ad litora torquent per conubia nostra, per\ninceptos himenaeos.\n</p>\n</div>\n</div>'),
(4, 1, 'search_form', '{exp:search:simple_form channel="news_fields"}\n        <p>\n                <label for="keywords">Search:</label><br>\n                <input type="text" name="keywords" id="keywords" value="" size="18" maxlength="100">\n        </p>\n        <p>\n                <a href="{path=''search/index''}">Advanced Search</a>\n        </p>\n        <p>\n                <input type="submit" value="submit" class="submit">\n        </p>\n{/exp:search:simple_form}'),
(5, 1, 'snippet_expanded', '<a href="{site_url}" class="button expand">.expand</a>'),
(6, 1, 'snippet_icomoon', '<ul>\n  <li class=''icon-bulb''>\n    <p>Strategy</p>\n  </li>\n  <li class=''icon-pen''>\n    <p>Creativity</p>\n  </li>\n  <li class=''icon-params''>\n    <p>UX</p>\n  </li>\n  <li class=''icon-megaphone''>\n    <p>Marketing</p>\n  </li>\n  <li class=''icon-like''>\n    <p>Socialisation</p>\n  </li>\n  <li class=''icon-phone''>\n    <p>Responsivity</p>\n  </li>\n</ul>'),
(7, 1, 'snippet_table', '<table>\n  <thead>\n    <tr>\n      <th width="200">Table Header</th>\n      <th>Table Header</th>\n      <th width="150">Table Header</th>\n      <th width="150">Table Header</th>\n    </tr>\n  </thead>\n  <tbody>\n    <tr>\n      <td>Content Goes Here</td>\n      <td>This is longer content Donec id elit non mi porta gravida at eget metus.</td>\n      <td>Content Goes Here</td>\n      <td>Content Goes Here</td>\n    </tr>\n    <tr>\n      <td>Content Goes Here</td>\n      <td>This is longer Content Goes Here Donec id elit non mi porta gravida at eget metus.</td>\n      <td>Content Goes Here</td>\n      <td>Content Goes Here</td>\n    </tr>\n    <tr>\n      <td>Content Goes Here</td>\n      <td>This is longer Content Goes Here Donec id elit non mi porta gravida at eget metus.</td>\n      <td>Content Goes Here</td>\n      <td>Content Goes Here</td>\n    </tr>\n  </tbody>\n</table>'),
(8, 1, 'snippet_gallery', '\n	<!-- gallery section -->\n	<ul class="small-block-grid-2 large-block-grid-4">\n	  <li><img class="th" src="{site_url}/images/uploads/005.jpg"></li>\n	  <li><img class="th" src="{site_url}/images/uploads/005.jpg"></li>\n	  <li><img class="th" src="{site_url}/images/uploads/005.jpg"></li>\n	  <li><img class="th" src="{site_url}/images/uploads/005.jpg"></li>\n	  <li><img class="th" src="{site_url}/images/uploads/005.jpg"></li>\n	  <li><img class="th" src="{site_url}/images/uploads/005.jpg"></li>\n	  <li><img class="th" src="{site_url}/images/uploads/005.jpg"></li>\n	  <li><img class="th" src="{site_url}/images/uploads/005.jpg"></li>\n	  <li><img class="th" src="{site_url}/images/uploads/005.jpg"></li>\n	  <li><img class="th" src="{site_url}/images/uploads/005.jpg"></li>\n	  <li><img class="th" src="{site_url}/images/uploads/005.jpg"></li>\n	  <li><img class="th" src="{site_url}/images/uploads/005.jpg"></li>\n	  <li><img class="th" src="{site_url}/images/uploads/005.jpg"></li>\n	  <li><img class="th" src="{site_url}/images/uploads/005.jpg"></li>\n	  <li><img class="th" src="{site_url}/images/uploads/005.jpg"></li>\n	  <li><img class="th" src="{site_url}/images/uploads/005.jpg"></li>\n	</ul>\n	<!-- end of the gallery section -->\n\n\n\n\n'),
(9, 1, 'snippet_sidenav', '<ul class="side-nav">\n  <li class="active"><a href="{site_url}">Home</a></li>\n  <li><a href="{site_url}">About</a></li>\n  <li class="divider"></li>\n  <li><a href="{site_url}index.php/Work">Portfolio</a></li>\n  <li><a href="{site_url}index.php/News">News</a></li>\n  <li><a href="{site_url}index.php/Contact">Contact</a></li>\n</ul>'),
(10, 1, 'snippet_mainMenu', '<div class="top-bar">\n    <nav class="top-bar-section">\n <ul class="title-area">\n    <li class="name">\n      <h1><a href="#">Webtogether Training</a></h1>\n    </li>\n     <!-- Remove the class "menu-icon" to get rid of menu icon. Take out "Menu" to just have icon alone -->\n    <li class="toggle-topbar menu-icon"><a href="#"><span>Menu</span></a></li>\n  </ul>\n\n        <ul class="right">\n            <li>\n                <a href="{homepage}">Home</a>\n            </li>\n            <li class="divider"></li>\n            <li>\n                <a href="{path=about}">About</a>\n            </li>\n            <li class="divider"></li>\n            <li>\n                <a href="{path=work}">Work</a>\n            </li>\n            <li class="divider"></li>\n            <li>\n                <a href="{path=news}">News</a>\n            </li>\n            <li class="divider"></li>\n             <li>\n                <a href="{path=contact}">Contact</a>\n            </li>\n            <li class="divider"></li>\n        </ul>\n    </nav>\n</div>\n    <ul class="breadcrumbs">\n      <li><a href="#">Home</a></li>\n      <li><a href="#">Features</a></li>\n      <li class="unavailable"><a href="#">Gene Splicing</a></li>\n      <li class="current"><a href="#">Cloning</a></li>\n    </ul>\n'),
(11, 1, 'snippet_pricing', '    <ul class="pricing-table">\n      <li class="title">Standard</li>\n      <li class="price">$99.99</li>\n      <li class="description">An awesome description</li>\n      <li class="bullet-item">1 Database</li>\n      <li class="bullet-item">5GB Storage</li>\n      <li class="bullet-item">20 Users</li>\n      <li class="cta-button"><a class="button" href="#">Buy Now</a></li>\n    </ul>\n'),
(12, 1, 'snippet_contact', '<form>\n			  <fieldset>\n			    <legend>{embed:title}</legend>\n\n\n			    <div class="row">\n			      <div class="large-12 columns">\n			        <label>first name</label>\n			        <input type="text">\n			      </div>\n			      <div class="large-12 columns">\n			        <label>surname</label>\n			        <input type="text">\n			      </div>\n			      <div class="large-12 columns">\n			        <div class="row collapse">\n			          <label>website</label>\n			          <div class="small-9 columns">\n			            <input type="text">\n			          </div>\n			          <div class="small-3 columns">\n			            <span class="postfix">.com</span>\n			          </div>\n			        </div>\n			      </div>\n			    </div>\n\n			    <div class="row">\n			      <div class="large-12 columns">\n			        <label>Comment</label>\n			        <textarea></textarea>\n			      </div>\n			    </div>\n\n			  </fieldset>\n			</form>'),
(13, 1, 'snippet_pagination', '<ul class="pagination"> <li class="arrow unavailable"><a href="">&laquo;</a></li> <li class="current"><a href="">1</a></li> <li><a href="">2</a></li> <li><a href="">3</a></li> <li><a href="">4</a></li> <li class="unavailable"><a href="">&hellip;</a></li> <li><a href="">12</a></li> <li><a href="">13</a></li> <li class="arrow"><a href="">&raquo;</a></li> </ul>'),
(14, 1, 'snippet_calendar', '{exp:channel:calendar switch="calendarToday|calendarCell"}\n\n<table class="calendarBG" border="0" cellpadding="6" cellspacing="1" summary="My Calendar">\n    <tr class="calendarHeader">\n        <th>\n            <div class="calendarMonthLinks"><a href="{previous_path=''channel/index''}">&lt;&lt;</a>\n            </div>\n        </th>\n        <th colspan="5">\n            {date format="%F %Y"}\n        </th>\n        <th>\n            <div class="calendarMonthLinks">\n                <a class="calendarMonthLinks" href="{next_path=''channel/index''}">&gt;&gt;</a>\n            </div>\n        </th>\n    </tr>\n    <tr>\n    {calendar_heading}\n    <td class="calendarDayHeading">{lang:weekday_abrev}</td>\n    {/calendar_heading}\n    </tr>\n    {calendar_rows}\n        {row_start}<tr>{/row_start}\n        {if entries}\n            <td class=''{switch}'' align=''center''><a href="{day_path=''channel/index''}">{day_number}</a>\n            </td>\n        {/if}\n        {if not_entries}\n            <td class=''{switch}'' align=''center''>{day_number}</td>\n        {/if}\n        {if blank}\n            <td class=''calendarBlank''>{day_number}</td>\n        {/if}\n        {row_end}</tr>{/row_end}\n    {/calendar_rows}\n    </table>\n{/exp:channel:calendar}'),
(15, 1, 'snippet_icon', '<div class="list-group">\n  <a class="list-group-item" href="#"><i class="fa fa-home fa-fw"></i>&nbsp; Home</a>\n  <a class="list-group-item" href="#"><i class="fa fa-book fa-fw"></i>&nbsp; Library</a>\n  <a class="list-group-item" href="#"><i class="fa fa-pencil fa-fw"></i>&nbsp; Applications</a>\n  <a class="list-group-item" href="#"><i class="fa fa-cog fa-fw"></i>&nbsp; Settings</a>\n</div>\n');

-- --------------------------------------------------------

--
-- Table structure for table `exp_specialty_templates`
--

CREATE TABLE IF NOT EXISTS `exp_specialty_templates` (
  `template_id` int(6) unsigned NOT NULL AUTO_INCREMENT,
  `site_id` int(4) unsigned NOT NULL DEFAULT '1',
  `enable_template` char(1) NOT NULL DEFAULT 'y',
  `template_name` varchar(50) NOT NULL,
  `data_title` varchar(80) NOT NULL,
  `template_data` text NOT NULL,
  PRIMARY KEY (`template_id`),
  KEY `template_name` (`template_name`),
  KEY `site_id` (`site_id`)
) ENGINE=MyISAM  DEFAULT CHARSET=utf8 AUTO_INCREMENT=16 ;

--
-- Dumping data for table `exp_specialty_templates`
--

INSERT INTO `exp_specialty_templates` (`template_id`, `site_id`, `enable_template`, `template_name`, `data_title`, `template_data`) VALUES
(1, 1, 'y', 'offline_template', '', '<html>\n<head>\n\n<title>System Offline</title>\n\n<style type="text/css">\n\nbody {\nbackground-color:	#ffffff;\nmargin:				50px;\nfont-family:		Verdana, Arial, Tahoma, Trebuchet MS, Sans-serif;\nfont-size:			11px;\ncolor:				#000;\nbackground-color:	#fff;\n}\n\na {\nfont-family:		Verdana, Arial, Tahoma, Trebuchet MS, Sans-serif;\nfont-weight:		bold;\nletter-spacing:		.09em;\ntext-decoration:	none;\ncolor:			  #330099;\nbackground-color:	transparent;\n}\n\na:visited {\ncolor:				#330099;\nbackground-color:	transparent;\n}\n\na:hover {\ncolor:				#000;\ntext-decoration:	underline;\nbackground-color:	transparent;\n}\n\n#content  {\nborder:				#999999 1px solid;\npadding:			22px 25px 14px 25px;\n}\n\nh1 {\nfont-family:		Verdana, Arial, Tahoma, Trebuchet MS, Sans-serif;\nfont-weight:		bold;\nfont-size:			14px;\ncolor:				#000;\nmargin-top: 		0;\nmargin-bottom:		14px;\n}\n\np {\nfont-family:		Verdana, Arial, Tahoma, Trebuchet MS, Sans-serif;\nfont-size: 			12px;\nfont-weight: 		normal;\nmargin-top: 		12px;\nmargin-bottom: 		14px;\ncolor: 				#000;\n}\n</style>\n\n</head>\n\n<body>\n\n<div id="content">\n\n<h1>System Offline</h1>\n\n<p>This site is currently offline</p>\n\n</div>\n\n</body>\n\n</html>'),
(2, 1, 'y', 'message_template', '', '<html>\n<head>\n\n<title>{title}</title>\n\n<meta http-equiv=''content-type'' content=''text/html; charset={charset}'' />\n\n{meta_refresh}\n\n<style type="text/css">\n\nbody {\nbackground-color:	#ffffff;\nmargin:				50px;\nfont-family:		Verdana, Arial, Tahoma, Trebuchet MS, Sans-serif;\nfont-size:			11px;\ncolor:				#000;\nbackground-color:	#fff;\n}\n\na {\nfont-family:		Verdana, Arial, Tahoma, Trebuchet MS, Sans-serif;\nletter-spacing:		.09em;\ntext-decoration:	none;\ncolor:			  #330099;\nbackground-color:	transparent;\n}\n\na:visited {\ncolor:				#330099;\nbackground-color:	transparent;\n}\n\na:active {\ncolor:				#ccc;\nbackground-color:	transparent;\n}\n\na:hover {\ncolor:				#000;\ntext-decoration:	underline;\nbackground-color:	transparent;\n}\n\n#content  {\nborder:				#000 1px solid;\nbackground-color: 	#DEDFE3;\npadding:			22px 25px 14px 25px;\n}\n\nh1 {\nfont-family:		Verdana, Arial, Tahoma, Trebuchet MS, Sans-serif;\nfont-weight:		bold;\nfont-size:			14px;\ncolor:				#000;\nmargin-top: 		0;\nmargin-bottom:		14px;\n}\n\np {\nfont-family:		Verdana, Arial, Tahoma, Trebuchet MS, Sans-serif;\nfont-size: 			12px;\nfont-weight: 		normal;\nmargin-top: 		12px;\nmargin-bottom: 		14px;\ncolor: 				#000;\n}\n\nul {\nmargin-bottom: 		16px;\n}\n\nli {\nlist-style:			square;\nfont-family:		Verdana, Arial, Tahoma, Trebuchet MS, Sans-serif;\nfont-size: 			12px;\nfont-weight: 		normal;\nmargin-top: 		8px;\nmargin-bottom: 		8px;\ncolor: 				#000;\n}\n\n</style>\n\n</head>\n\n<body>\n\n<div id="content">\n\n<h1>{heading}</h1>\n\n{content}\n\n<p>{link}</p>\n\n</div>\n\n</body>\n\n</html>'),
(3, 1, 'y', 'admin_notify_reg', 'Notification of new member registration', 'New member registration site: {site_name}\n\nScreen name: {name}\nUser name: {username}\nEmail: {email}\n\nYour control panel URL: {control_panel_url}'),
(4, 1, 'y', 'admin_notify_entry', 'A new channel entry has been posted', 'A new entry has been posted in the following channel:\n{channel_name}\n\nThe title of the entry is:\n{entry_title}\n\nPosted by: {name}\nEmail: {email}\n\nTo read the entry please visit:\n{entry_url}\n'),
(5, 1, 'y', 'admin_notify_mailinglist', 'Someone has subscribed to your mailing list', 'A new mailing list subscription has been accepted.\n\nEmail Address: {email}\nMailing List: {mailing_list}'),
(6, 1, 'y', 'admin_notify_comment', 'You have just received a comment', 'You have just received a comment for the following channel:\n{channel_name}\n\nThe title of the entry is:\n{entry_title}\n\nLocated at:\n{comment_url}\n\nPosted by: {name}\nEmail: {email}\nURL: {url}\nLocation: {location}\n\n{comment}'),
(7, 1, 'y', 'mbr_activation_instructions', 'Enclosed is your activation code', 'Thank you for your new member registration.\n\nTo activate your new account, please visit the following URL:\n\n{unwrap}{activation_url}{/unwrap}\n\nThank You!\n\n{site_name}\n\n{site_url}'),
(8, 1, 'y', 'forgot_password_instructions', 'Login information', '{name},\n\nTo reset your password, please go to the following page:\n\n{reset_url}\n\nThen log in with your username: {username}\n\nIf you do not wish to reset your password, ignore this message. It will expire in 24 hours.\n\n{site_name}\n{site_url}'),
(9, 1, 'y', 'validated_member_notify', 'Your membership account has been activated', '{name},\n\nYour membership account has been activated and is ready for use.\n\nThank You!\n\n{site_name}\n{site_url}'),
(10, 1, 'y', 'decline_member_validation', 'Your membership account has been declined', '{name},\n\nWe''re sorry but our staff has decided not to validate your membership.\n\n{site_name}\n{site_url}'),
(11, 1, 'y', 'mailinglist_activation_instructions', 'Email Confirmation', 'Thank you for joining the "{mailing_list}" mailing list!\n\nPlease click the link below to confirm your email.\n\nIf you do not want to be added to our list, ignore this email.\n\n{unwrap}{activation_url}{/unwrap}\n\nThank You!\n\n{site_name}'),
(12, 1, 'y', 'comment_notification', 'Someone just responded to your comment', '{name_of_commenter} just responded to the entry you subscribed to at:\n{channel_name}\n\nThe title of the entry is:\n{entry_title}\n\nYou can see the comment at the following URL:\n{comment_url}\n\n{comment}\n\nTo stop receiving notifications for this comment, click here:\n{notification_removal_url}'),
(13, 1, 'y', 'comments_opened_notification', 'New comments have been added', 'Responses have been added to the entry you subscribed to at:\n{channel_name}\n\nThe title of the entry is:\n{entry_title}\n\nYou can see the comments at the following URL:\n{comment_url}\n\n{comments}\n{comment}\n{/comments}\n\nTo stop receiving notifications for this entry, click here:\n{notification_removal_url}'),
(14, 1, 'y', 'private_message_notification', 'Someone has sent you a Private Message', '\n{recipient_name},\n\n{sender_name} has just sent you a Private Message titled {message_subject}.\n\nYou can see the Private Message by logging in and viewing your inbox at:\n{site_url}\n\nContent:\n\n{message_content}\n\nTo stop receiving notifications of Private Messages, turn the option off in your Email Settings.\n\n{site_name}\n{site_url}'),
(15, 1, 'y', 'pm_inbox_full', 'Your private message mailbox is full', '{recipient_name},\n\n{sender_name} has just attempted to send you a Private Message,\nbut your inbox is full, exceeding the maximum of {pm_storage_limit}.\n\nPlease log in and remove unwanted messages from your inbox at:\n{site_url}');

-- --------------------------------------------------------

--
-- Table structure for table `exp_stats`
--

CREATE TABLE IF NOT EXISTS `exp_stats` (
  `stat_id` int(10) unsigned NOT NULL AUTO_INCREMENT,
  `site_id` int(4) unsigned NOT NULL DEFAULT '1',
  `total_members` mediumint(7) NOT NULL DEFAULT '0',
  `recent_member_id` int(10) NOT NULL DEFAULT '0',
  `recent_member` varchar(50) NOT NULL,
  `total_entries` mediumint(8) NOT NULL DEFAULT '0',
  `total_forum_topics` mediumint(8) NOT NULL DEFAULT '0',
  `total_forum_posts` mediumint(8) NOT NULL DEFAULT '0',
  `total_comments` mediumint(8) NOT NULL DEFAULT '0',
  `last_entry_date` int(10) unsigned NOT NULL DEFAULT '0',
  `last_forum_post_date` int(10) unsigned NOT NULL DEFAULT '0',
  `last_comment_date` int(10) unsigned NOT NULL DEFAULT '0',
  `last_visitor_date` int(10) unsigned NOT NULL DEFAULT '0',
  `most_visitors` mediumint(7) NOT NULL DEFAULT '0',
  `most_visitor_date` int(10) unsigned NOT NULL DEFAULT '0',
  `last_cache_clear` int(10) unsigned NOT NULL DEFAULT '0',
  PRIMARY KEY (`stat_id`),
  KEY `site_id` (`site_id`)
) ENGINE=MyISAM  DEFAULT CHARSET=utf8 AUTO_INCREMENT=2 ;

--
-- Dumping data for table `exp_stats`
--

INSERT INTO `exp_stats` (`stat_id`, `site_id`, `total_members`, `recent_member_id`, `recent_member`, `total_entries`, `total_forum_topics`, `total_forum_posts`, `total_comments`, `last_entry_date`, `last_forum_post_date`, `last_comment_date`, `last_visitor_date`, `most_visitors`, `most_visitor_date`, `last_cache_clear`) VALUES
(1, 1, 1, 1, 'frank', 9, 0, 0, 0, 1404316380, 0, 0, 1404739638, 12, 1404568524, 1405331866);

-- --------------------------------------------------------

--
-- Table structure for table `exp_statuses`
--

CREATE TABLE IF NOT EXISTS `exp_statuses` (
  `status_id` int(6) unsigned NOT NULL AUTO_INCREMENT,
  `site_id` int(4) unsigned NOT NULL DEFAULT '1',
  `group_id` int(4) unsigned NOT NULL,
  `status` varchar(50) NOT NULL,
  `status_order` int(3) unsigned NOT NULL,
  `highlight` varchar(30) NOT NULL,
  PRIMARY KEY (`status_id`),
  KEY `group_id` (`group_id`),
  KEY `site_id` (`site_id`)
) ENGINE=MyISAM  DEFAULT CHARSET=utf8 AUTO_INCREMENT=3 ;

--
-- Dumping data for table `exp_statuses`
--

INSERT INTO `exp_statuses` (`status_id`, `site_id`, `group_id`, `status`, `status_order`, `highlight`) VALUES
(1, 1, 1, 'open', 1, '009933'),
(2, 1, 1, 'closed', 2, '990000');

-- --------------------------------------------------------

--
-- Table structure for table `exp_status_groups`
--

CREATE TABLE IF NOT EXISTS `exp_status_groups` (
  `group_id` int(4) unsigned NOT NULL AUTO_INCREMENT,
  `site_id` int(4) unsigned NOT NULL DEFAULT '1',
  `group_name` varchar(50) NOT NULL,
  PRIMARY KEY (`group_id`),
  KEY `site_id` (`site_id`)
) ENGINE=MyISAM  DEFAULT CHARSET=utf8 AUTO_INCREMENT=2 ;

--
-- Dumping data for table `exp_status_groups`
--

INSERT INTO `exp_status_groups` (`group_id`, `site_id`, `group_name`) VALUES
(1, 1, 'Statuses');

-- --------------------------------------------------------

--
-- Table structure for table `exp_status_no_access`
--

CREATE TABLE IF NOT EXISTS `exp_status_no_access` (
  `status_id` int(6) unsigned NOT NULL,
  `member_group` smallint(4) unsigned NOT NULL,
  PRIMARY KEY (`status_id`,`member_group`)
) ENGINE=MyISAM DEFAULT CHARSET=utf8;

-- --------------------------------------------------------

--
-- Table structure for table `exp_templates`
--

CREATE TABLE IF NOT EXISTS `exp_templates` (
  `template_id` int(10) unsigned NOT NULL AUTO_INCREMENT,
  `site_id` int(4) unsigned NOT NULL DEFAULT '1',
  `group_id` int(6) unsigned NOT NULL,
  `template_name` varchar(50) NOT NULL,
  `save_template_file` char(1) NOT NULL DEFAULT 'n',
  `template_type` varchar(16) NOT NULL DEFAULT 'webpage',
  `template_data` mediumtext,
  `template_notes` text,
  `edit_date` int(10) NOT NULL DEFAULT '0',
  `last_author_id` int(10) unsigned NOT NULL DEFAULT '0',
  `cache` char(1) NOT NULL DEFAULT 'n',
  `refresh` int(6) unsigned NOT NULL DEFAULT '0',
  `no_auth_bounce` varchar(50) NOT NULL DEFAULT '',
  `enable_http_auth` char(1) NOT NULL DEFAULT 'n',
  `allow_php` char(1) NOT NULL DEFAULT 'n',
  `php_parse_location` char(1) NOT NULL DEFAULT 'o',
  `hits` int(10) unsigned NOT NULL DEFAULT '0',
  PRIMARY KEY (`template_id`),
  KEY `group_id` (`group_id`),
  KEY `template_name` (`template_name`),
  KEY `site_id` (`site_id`)
) ENGINE=MyISAM  DEFAULT CHARSET=utf8 AUTO_INCREMENT=26 ;

--
-- Dumping data for table `exp_templates`
--

INSERT INTO `exp_templates` (`template_id`, `site_id`, `group_id`, `template_name`, `save_template_file`, `template_type`, `template_data`, `template_notes`, `edit_date`, `last_author_id`, `cache`, `refresh`, `no_auth_bounce`, `enable_http_auth`, `allow_php`, `php_parse_location`, `hits`) VALUES
(1, 1, 1, 'index', 'y', 'webpage', '<!DOCTYPE html>\n<html>\n<head>\n        <title>Home</title>\n        <meta charset="utf-8">\n	{exp:jquery:script_tag}\n	{exp:jquery:script_tag ui=''core''}\n	<!-- Go to www.addthis.com/dashboard to customize your tools -->\n<script type="text/javascript" src="//s7.addthis.com/js/300/addthis_widget.js#pubid=ra-53b17ca122d9bc43"></script>\n\n</head>\n<body>\n        <h1><a href="{site_url}">{site_name}</a></h1>\n	{search_form}\n	<address><a href="mailto:{webmaster_email}">{webmaster_email}</a></br>\n	{location}<br/>\n	{member_profile_link}<br/>\n	Member Profile Link<br/> \n	</address>\n        <p>Kick back and relax... you''ve made it home.</p>\n\n        <h2>The Latest</h2>\n        <p>Check out the <a href="{path=''news''}">latest news</a>:</p>\n        <ul>\n                {exp:channel:entries channel="news" limit="10"}\n                        <li><a href="{url_title_path=''news''}">{title}</a></li>\n                {/exp:channel:entries}\n        </ul>\n	<p>{lorem}</p>\n	<p>{about}</p>	\n	<hr>\n\n	{exp:jquery:script_tag ui=''accordion''}\n<div id="accordion">\n<h3>Section 1</h3>\n<div>\n<p>\n{lorem}\n</p>\n</div>\n<h3>Section 2</h3>\n<div>\n<p>\n{lorem}\n</p>\n</div>\n<h3>Section 3</h3>\n<div>\n<p>\n{lorem}\n</p>\n<ul>\n<li>List item one</li>\n<li>List item two</li>\n<li>List item three</li>\n</ul>\n</div>\n<h3>Section 4</h3>\n<div>\n<p>\n{lorem}\n</p>\n<p>\n{lorem}\n</p>\n</div>\n</div>\n\n\n<!-- Go to www.addthis.com/dashboard to customize your tools -->\n<script type="text/javascript" src="//s7.addthis.com/js/300/addthis_widget.js#pubid=ra-53b17ca122d9bc43"></script>\n\n\n</body>\n</html>\n\n\n', '', 1404167746, 1, 'n', 0, '', 'n', 'y', 'o', 746),
(2, 1, 2, 'index', 'y', 'webpage', '<!doctype html>\n<html>\n    <head>\n        <meta charset="utf-8">\n        <meta name="description" content="">\n        <meta name="viewport" content="width=device-width, initial-scale=1">\n        <title>Untitled</title>\n        <link rel="stylesheet" href="css/style.css">\n        <link rel="author" href="humans.txt">\n    </head>\n    <body>\n    <p>{lorem}</p>\n        \n        <script src="js/main.js"></script>\n    </body>\n</html>', '', 1404168470, 1, 'n', 0, '', 'n', 'n', 'o', 519),
(3, 1, 3, 'index', 'y', 'webpage', '<!DOCTYPE html>\n<html>\n<head>\n        <title>What''s New</title>\n        <meta charset="utf-8">\n</head>\n<body>\n        <h1>All the news that''s fit to pixelize.</h1>\n	<ul>\n        {exp:channel:entries channel="news_fields" limit="10"}\n           \n		<li><a href="{url_title_path=''news''}">{title}</a></li>\n        {/exp:channel:entries}\n</ul>\n        {exp:channel:entries channel="news_fields" limit="10"}\n                <h2>{title}</h2>\n                <p>By {author}</p>\n\n                {news_body}\n        {/exp:channel:entries}\n</body>\n</html>', '', 1404167795, 1, 'n', 0, '', 'n', 'n', 'o', 416),
(23, 1, 5, '.sidebar', 'y', 'webpage', '<section class="small-2 medium-2 large-2 columns">\n                <ul class="side-nav">\n                  <li class="active"><a href="{site_url}">Home</a></li>\n                  <li><a href="{site_url}">About</a></li>\n                  <li class="divider"></li>\n                  <li><a href="{site_url}index.php/Work">Portfolio</a></li>\n                  <li><a href="{site_url}index.php/News">News</a></li>\n                  <li><a href="{site_url}index.php/Contact">Contact</a></li>\n                </ul>\n\n        </section>', NULL, 1404568906, 1, 'n', 0, '', 'n', 'n', 'o', 0),
(24, 1, 1, '.left-sidebar-layout', 'y', 'webpage', '{embed="embeds/.header"}\n<div class="row">\n{embed="embeds/.sidebar"}\n  <div class="small-10 medium-10 large-10 columns">\n  	\n    {layout:contents}\n  </div>\n\n</div>\n{embed="embeds/.footer"}', '', 1404569671, 1, 'n', 0, '', 'n', 'n', 'o', 0),
(25, 1, 1, '.left-right-sidebar-layout', 'y', 'webpage', '{embed="embeds/.header"}\n<div class="row">\n{embed="embeds/.sidebar"}\n  <div class="small-10 medium-10 large-10 columns">\n  	\n    {layout:contents}\n  </div>\n{embed="embeds/.sidebar"}\n</div>\n{embed="embeds/.footer"}', '', 1404569939, 1, 'n', 0, '', 'n', 'n', 'o', 0),
(6, 1, 5, 'index', 'n', 'webpage', '', NULL, 1404207500, 0, 'n', 0, '', 'n', 'n', 'o', 2),
(7, 1, 5, '.header', 'y', 'webpage', '<!doctype html>\n<html>\n    <head>\n        <meta charset="utf-8">\n        <meta name="description" content="">\n        <meta name="viewport" content="width=device-width, initial-scale=1">\n        <title>Untitled</title>\n        <link rel="stylesheet" type="text/css" media="all" href="{stylesheet=''style/main''}"/>\n        <link rel="author" href="humans.txt">\n        {exp:jquery:script_tag}\n    </head>\n    <body>\n    <header>\n        <div class="top-bar">\n            <nav class="top-bar-section">\n                <ul class="right">\n                    <li><a href="#">Link</a></li>\n                    <li class="divider"></li>\n                    <li><a href="#">Link</a></li>\n                    <li class="divider"></li>\n                    <li><a href="#">Link</a></li>\n                    <li class="divider"></li>\n                    <li><a href="#">Link</a></li>\n                    <li class="divider"></li>\n                </ul>\n            </nav>\n        </div>\n    	<hgroup>\n    		<h1 class="text-center">Expression Engine</h1>\n            <h6 class="text-center">{current_time format="%Y %m %d %H:%i:%s"}</h6>\n    	</hgroup>\n    </header>', '', 1404207960, 1, 'n', 0, '', 'n', 'n', 'o', 0),
(8, 1, 5, '.footer', 'y', 'webpage', '', '', 1404207949, 1, 'n', 0, '', 'n', 'n', 'o', 0),
(9, 1, 5, '.side', 'y', 'webpage', 'edasfdfgasgs', '', 1404211311, 1, 'n', 0, '', 'n', 'n', 'o', 0),
(22, 1, 5, '.sidebar.html', 'y', 'webpage', '{snippet_calendar}', '', 1404568322, 1, 'n', 0, '', 'n', 'n', 'o', 0),
(10, 1, 6, 'index', 'y', 'webpage', '<!DOCTYPE html>\n<html>\n<head>\n        <title>Home</title>\n        <meta charset="utf-8">\n	{exp:jquery:script_tag}\n	{exp:jquery:script_tag ui=''core''}\n	<!-- Go to www.addthis.com/dashboard to customize your tools -->\n<script type="text/javascript" src="//s7.addthis.com/js/300/addthis_widget.js#pubid=ra-53b17ca122d9bc43"></script>\n\n</head>\n<body>\n        <h1><a href="{site_url}">{site_name}</a></h1>\n	{search_form}\n	<address><a href="mailto:{webmaster_email}">{webmaster_email}</a></br>\n	{location}<br/>\n	{member_profile_link}<br/>\n	Member Profile Link<br/> \n	</address>\n        <p>Kick back and relax... you''ve made it home.</p>\n\n        <h2>The Latest</h2>\n        <p>Check out the <a href="{path=''news''}">latest news</a>:</p>\n        <ul>\n                {exp:channel:entries channel="news" limit="10"}\n                        <li><a href="{url_title_path=''news''}">{title}</a></li>\n                {/exp:channel:entries}\n        </ul>\n	<p>{lorem}</p>\n	<p>{about}</p>	\n	<hr>\n\n	{exp:jquery:script_tag ui=''accordion''}\n<div id="accordion">\n<h3>Section 1</h3>\n<div>\n<p>\n{lorem}\n</p>\n</div>\n<h3>Section 2</h3>\n<div>\n<p>\n{lorem}\n</p>\n</div>\n<h3>Section 3</h3>\n<div>\n<p>\n{lorem}\n</p>\n<ul>\n<li>List item one</li>\n<li>List item two</li>\n<li>List item three</li>\n</ul>\n</div>\n<h3>Section 4</h3>\n<div>\n<p>\n{lorem}\n</p>\n<p>\n{lorem}\n</p>\n</div>\n</div>\n\n\n<!-- Go to www.addthis.com/dashboard to customize your tools -->\n<script type="text/javascript" src="//s7.addthis.com/js/300/addthis_widget.js#pubid=ra-53b17ca122d9bc43"></script>\n\n\n</body>\n</html>\n\n\n', '', 1404213522, 1, 'n', 0, '', 'n', 'y', 'o', 181),
(13, 1, 5, '.gallery', 'y', 'webpage', '{embed="embeds/.header" title="Gallery"}\n\n\n	<!-- gallery section -->\n	<ul class="small-block-grid-2 large-block-grid-4">\n	  <li><img class="th" src="{site_url}/images/uploads/005.jpg"></li>\n	  <li><img class="th" src="{site_url}/images/uploads/005.jpg"></li>\n	  <li><img class="th" src="{site_url}/images/uploads/005.jpg"></li>\n	  <li><img class="th" src="{site_url}/images/uploads/005.jpg"></li>\n	</ul>\n	<!-- end of the gallery section -->\n\n\n{embed="embeds/.footer"}\n\n\n', '', 1404215456, 1, 'n', 0, '', 'n', 'n', 'o', 0),
(14, 1, 5, '.pricing_table', 'y', 'webpage', '<div class="large-4 columns">\n    <ul class="pricing-table">\n      <li class="title">Standard</li>\n      <li class="price">$99.99</li>\n      <li class="description">An awesome description</li>\n      <li class="bullet-item">1 Database</li>\n      <li class="bullet-item">5GB Storage</li>\n      <li class="bullet-item">20 Users</li>\n      <li class="cta-button"><a class="button" href="#">Buy Now</a></li>\n    </ul>\n  </div>', '', 1404215819, 1, 'n', 0, '', 'n', 'n', 'o', 0),
(15, 1, 5, '.zurb_table', 'y', 'webpage', '<table>\n  <thead>\n    <tr>\n      <th width="200">Table Header</th>\n      <th>Table Header</th>\n      <th width="150">Table Header</th>\n      <th width="150">Table Header</th>\n    </tr>\n  </thead>\n  <tbody>\n    <tr>\n      <td>Content Goes Here</td>\n      <td>This is longer content Donec id elit non mi porta gravida at eget metus.</td>\n      <td>Content Goes Here</td>\n      <td>Content Goes Here</td>\n    </tr>\n    <tr>\n      <td>Content Goes Here</td>\n      <td>This is longer Content Goes Here Donec id elit non mi porta gravida at eget metus.</td>\n      <td>Content Goes Here</td>\n      <td>Content Goes Here</td>\n    </tr>\n    <tr>\n      <td>Content Goes Here</td>\n      <td>This is longer Content Goes Here Donec id elit non mi porta gravida at eget metus.</td>\n      <td>Content Goes Here</td>\n      <td>Content Goes Here</td>\n    </tr>\n  </tbody>\n</table>', '', 1404220977, 1, 'n', 0, '', 'n', 'n', 'o', 0),
(16, 1, 8, 'index', 'y', 'webpage', '<!DOCTYPE html>\n<html>\n<head>\n        <title>Home</title>\n        <meta charset="utf-8">\n	{exp:jquery:script_tag}\n	{exp:jquery:script_tag ui=''core''}\n	<!-- Go to www.addthis.com/dashboard to customize your tools -->\n<script type="text/javascript" src="//s7.addthis.com/js/300/addthis_widget.js#pubid=ra-53b17ca122d9bc43"></script>\n\n</head>\n<body>\n        <h1><a href="{site_url}">{site_name}</a></h1>\n	{search_form}\n	<address><a href="mailto:{webmaster_email}">{webmaster_email}</a></br>\n	{location}<br/>\n	{member_profile_link}<br/>\n	Member Profile Link<br/> \n	</address>\n        <p>Kick back and relax... you''ve made it home.</p>\n\n        <h2>The Latest</h2>\n        <p>Check out the <a href="{path=''news''}">latest news</a>:</p>\n        <ul>\n                {exp:channel:entries channel="news" limit="10"}\n                        <li><a href="{url_title_path=''news''}">{title}</a></li>\n                {/exp:channel:entries}\n        </ul>\n	<p>{lorem}</p>\n	<p>{about}</p>	\n	<hr>\n\n	{exp:jquery:script_tag ui=''accordion''}\n<div id="accordion">\n<h3>Section 1</h3>e\n<div>\n<p>\n{lorem}\n</p>\n</div>\n<h3>Section 2</h3>\n<div>\n<p>\n{lorem}\n</p>\n	{exp:jquery:script_tag}\n</div>\n<h3>Section 3</h3>\n	{exp:jquery:script_tag}\n<div>\n<p>\n{lorem}\n</p>\n<ul>\n<li>List item one</li>\n<li>List item two</li>\n<li>List item three</li>\n</ul>\n</div>\n<h3>Section 4</h3>\n<div>\n<p>\n{lorem}\n</p>\n<p>\n{lorem}\n</p>\n</div>\n</div>\n\n\n<!-- Go to www.addthis.com/dashboard to customize your tools -->\n<script type="text/javascript" src="//s7.addthis.com/js/300/addthis_widget.js#pubid=ra-53b17ca122d9bc43"></script>\n\n\n</body>\n</html>\n\n\n', '', 1404222504, 1, 'n', 0, '', 'n', 'y', 'o', 272),
(20, 1, 1, '.html-layout', 'y', 'webpage', '{embed="embeds/.header" title="Latest News"}\n    {layout:contents}\n{embed="embeds/.footer"}', '', 1404313652, 1, 'n', 0, '', 'n', 'n', 'o', 0),
(21, 1, 5, '.main-menu', 'y', 'webpage', '<div class="top-bar">\n            <nav class="top-bar-section">\n                <ul class="right">\n                    <li><a href="{site_url}">Home</a></li>\n                    <li class="divider"></li>\n                    <li><a href="{path=about}">About us</a></li>\n                    <li class="divider"></li>\n                    <li><a href="{path=work}">Work</a></li>\n                    <li class="divider"></li>\n                    <li><a href="{path=news}">News</a></li>\n                    <li class="divider"></li>\n                </ul>\n            </nav>\n        </div>', '', 1404316596, 1, 'n', 0, '', 'n', 'n', 'o', 0);

-- --------------------------------------------------------

--
-- Table structure for table `exp_template_groups`
--

CREATE TABLE IF NOT EXISTS `exp_template_groups` (
  `group_id` int(6) unsigned NOT NULL AUTO_INCREMENT,
  `site_id` int(4) unsigned NOT NULL DEFAULT '1',
  `group_name` varchar(50) NOT NULL,
  `group_order` int(3) unsigned NOT NULL,
  `is_site_default` char(1) NOT NULL DEFAULT 'n',
  PRIMARY KEY (`group_id`),
  KEY `site_id` (`site_id`),
  KEY `group_name_idx` (`group_name`),
  KEY `group_order_idx` (`group_order`)
) ENGINE=MyISAM  DEFAULT CHARSET=utf8 AUTO_INCREMENT=10 ;

--
-- Dumping data for table `exp_template_groups`
--

INSERT INTO `exp_template_groups` (`group_id`, `site_id`, `group_name`, `group_order`, `is_site_default`) VALUES
(1, 1, 'Site', 1, 'y'),
(2, 1, 'News', 2, 'n'),
(3, 1, 'Work', 3, 'n'),
(5, 1, 'embeds', 5, 'n'),
(6, 1, 'Contact', 6, 'n'),
(8, 1, 'About', 7, 'n');

-- --------------------------------------------------------

--
-- Table structure for table `exp_template_member_groups`
--

CREATE TABLE IF NOT EXISTS `exp_template_member_groups` (
  `group_id` smallint(4) unsigned NOT NULL,
  `template_group_id` mediumint(5) unsigned NOT NULL,
  PRIMARY KEY (`group_id`,`template_group_id`)
) ENGINE=MyISAM DEFAULT CHARSET=utf8;

-- --------------------------------------------------------

--
-- Table structure for table `exp_template_no_access`
--

CREATE TABLE IF NOT EXISTS `exp_template_no_access` (
  `template_id` int(6) unsigned NOT NULL,
  `member_group` smallint(4) unsigned NOT NULL,
  PRIMARY KEY (`template_id`,`member_group`)
) ENGINE=MyISAM DEFAULT CHARSET=utf8;

-- --------------------------------------------------------

--
-- Table structure for table `exp_template_routes`
--

CREATE TABLE IF NOT EXISTS `exp_template_routes` (
  `route_id` int(10) unsigned NOT NULL AUTO_INCREMENT,
  `template_id` int(10) unsigned NOT NULL,
  `route` varchar(512) DEFAULT NULL,
  `route_parsed` varchar(512) DEFAULT NULL,
  `route_required` char(1) NOT NULL DEFAULT 'n',
  PRIMARY KEY (`route_id`),
  KEY `template_id` (`template_id`)
) ENGINE=MyISAM DEFAULT CHARSET=utf8 AUTO_INCREMENT=1 ;

-- --------------------------------------------------------

--
-- Table structure for table `exp_throttle`
--

CREATE TABLE IF NOT EXISTS `exp_throttle` (
  `throttle_id` int(10) unsigned NOT NULL AUTO_INCREMENT,
  `ip_address` varchar(45) NOT NULL DEFAULT '0',
  `last_activity` int(10) unsigned NOT NULL DEFAULT '0',
  `hits` int(10) unsigned NOT NULL,
  `locked_out` char(1) NOT NULL DEFAULT 'n',
  PRIMARY KEY (`throttle_id`),
  KEY `ip_address` (`ip_address`),
  KEY `last_activity` (`last_activity`)
) ENGINE=MyISAM DEFAULT CHARSET=utf8 AUTO_INCREMENT=1 ;

-- --------------------------------------------------------

--
-- Table structure for table `exp_upload_no_access`
--

CREATE TABLE IF NOT EXISTS `exp_upload_no_access` (
  `upload_id` int(6) unsigned NOT NULL,
  `upload_loc` varchar(3) NOT NULL,
  `member_group` smallint(4) unsigned NOT NULL,
  PRIMARY KEY (`upload_id`,`member_group`)
) ENGINE=MyISAM DEFAULT CHARSET=utf8;

-- --------------------------------------------------------

--
-- Table structure for table `exp_upload_prefs`
--

CREATE TABLE IF NOT EXISTS `exp_upload_prefs` (
  `id` int(4) unsigned NOT NULL AUTO_INCREMENT,
  `site_id` int(4) unsigned NOT NULL DEFAULT '1',
  `name` varchar(50) NOT NULL,
  `server_path` varchar(255) NOT NULL DEFAULT '',
  `url` varchar(100) NOT NULL,
  `allowed_types` varchar(3) NOT NULL DEFAULT 'img',
  `max_size` varchar(16) DEFAULT NULL,
  `max_height` varchar(6) DEFAULT NULL,
  `max_width` varchar(6) DEFAULT NULL,
  `properties` varchar(120) DEFAULT NULL,
  `pre_format` varchar(120) DEFAULT NULL,
  `post_format` varchar(120) DEFAULT NULL,
  `file_properties` varchar(120) DEFAULT NULL,
  `file_pre_format` varchar(120) DEFAULT NULL,
  `file_post_format` varchar(120) DEFAULT NULL,
  `cat_group` varchar(255) DEFAULT NULL,
  `batch_location` varchar(255) DEFAULT NULL,
  PRIMARY KEY (`id`),
  KEY `site_id` (`site_id`)
) ENGINE=MyISAM  DEFAULT CHARSET=utf8 AUTO_INCREMENT=2 ;

--
-- Dumping data for table `exp_upload_prefs`
--

INSERT INTO `exp_upload_prefs` (`id`, `site_id`, `name`, `server_path`, `url`, `allowed_types`, `max_size`, `max_height`, `max_width`, `properties`, `pre_format`, `post_format`, `file_properties`, `file_pre_format`, `file_post_format`, `cat_group`, `batch_location`) VALUES
(1, 1, 'images', '/var/www/ee/images/uploads/', 'http://ee.dev/images/uploads/', 'img', '', '', '', '', '', '', '', '', '', '', NULL);

/*!40101 SET CHARACTER_SET_CLIENT=@OLD_CHARACTER_SET_CLIENT */;
/*!40101 SET CHARACTER_SET_RESULTS=@OLD_CHARACTER_SET_RESULTS */;
/*!40101 SET COLLATION_CONNECTION=@OLD_COLLATION_CONNECTION */;
